Workbook

Sheet Raw Cost
A1: Product | B1: Price | F1: 9.2
A2: Apples, Granny | B2: 38 | C2: CONCHA | D2: 28 | H2: $15.00 for Ranch
A3: Apples, Gala | B3: 45 | C3: MIKE | D3: 24 | F3: 3.5 | J3: 44287 | K3: 44910 | L3: 45092 | M3: 45200 | N3: 45762
A4: Asparagus, 11# standard | B4: 36
A5: Beans, Various, #10 can | B5: 9
A6: Beets, Cut 25# | B6: 18 | H6: $18.40/ 100 cups cost | J6: 19.8 | K6: 20.67 | L6: 20.58 | M6: 18.4 | N6: 20.86
A7: Beets, Candystripe 25# | B7: 35
A8: Beets, Gold 25# | B8: 34
A9: Blueberries 1/2 Pint | B9: 36 | H9: $10.20 cost per 50ct case
A10: Blueberries 1 Pint | B10: 72
A11: Bok Choy | B11: 43.79
A12: Broccoli Crowns | B12: 22
A13: Broccoli 14 ct | B13: 22
A14: Broccoli Flor 6/3# | B14: 47
A15: Brussel Sprouts | B15: 36
A16: Cabbage, Bag | B16: 17
A17: Cabbage, Red | B17: 25
A18: Cabbage, Savoy | B18: 44
A19: Canteloupes | B19: 20
A20: Carrots,50# | B20: 30
A21: Carrots, Baby Slims 4/5# | B21: 32
... A49: Onions, Yellow 50# | B49: 14
A50: Oranges, 113 ct | B50: 40 | C50: 33 MIKE
A51: Oranges, 125 ct | B51: 26
A52: Oranges, Blood 88ct | B52: 47
A53: Papaya, 9ct | B53: 62
A54: Parsnips, 25# | B54: 38
A55: Pears, Bosc | B55: 41
A56: Pears, Green | B56: 39
A57: Peppers, Green | B57: 46
A58: Peppers, Red | B58: 42
A59: Peppers, Yellow | B59: 39
A60: Pineapples | B60: 18
A61: Potatoes, 90 ct | B61: 20
A62: Potatoes, Red A | B62: 18
... A86: Watermelon Radish 20# | B86: 32
A87: Pepper Mix | B87: =SUM((B57/18)*6)+((B58/15)*2)+((B59/15)*2) -> 26.133333
A88: Pico de Gallo | B88: =SUM((B81/20)*5)+((B49/35)*5)+((B37/10)*1)+((B26/12)*1) -> 18.866667
A89: Fruit Mix | B89: =(SUM(B19/16,B31/18,B36/15,B60/8.5)) -> 7.1565359
A90: Broccoli Slaw | B90: =SUM(((B12/10)*10)+((B17/35)*1)+((B20/35))*2) -> 24.428571
A91: Pepper Red & Yellow | B91: =SUM((B58/17)*5)+((B59/17)*5) -> 23.823529
A92: Peeled Garlic | B92: 77
A93: Apples Red Mike's | B93: 24
A94: Apples Green Randy's | B94: 24
A95: Cauliflower Tri Color | B95: 44
A96: Potato, Yukon | B96: 22
A97: Mini Sweet Pepper | B97: 32
A98: Grape Tomato Multicolor | B98: 34
A99: Daikon Root | B99: 27
A100: Golden Kiwi | B100: 0
A101: Grape Fruit | B101: 29.5
A102: Celery Root | B102: 34
A103: Mini Pumpkins | B103: 0
... A113: SHALLOTS | B113: 17
A114: Tropical Mix | B114: =SUM(B53/20)+(B60/8.5)+(B43/5.5) -> 7.7631016 | C114: (PAPAYA, MANGO, PINEAPPLES)
A115: Red & Yellow Pepper Mix | B115: =SUM((B58/14)*5)+((B59/14)*5) -> 28.928571
A116: Limes 140ct | B116: 29
A117: Lemon & Limes | B117: =(B116/40)+(B42/40) -> 1.5
A118: Mango & Blueberries | B118: =(B43/4.5)+(B9/4.5) -> 11.111111
A119: Cantaloupe & Lime | B119: =(B19/15)+(B116/40) -> 2.0583333
A120: Kiwi & Grapes | B120: =(B40/18)+(B31/18) -> 4.3888889
A121: Vegetable Mix | B121: =(B12/15)+(B25/35)+(B29/40)+(B78/7.5)+(B22/30) -> 10.057143
A122: Dry Rice | B122: 40
A123: Dry Beans | B123: 40
A124: Vegetable Slaw | B124: =SUM(((B16/45)*2.6))+((B17/45)*2.6)+((B20/45)*2.6) -> 4.16
A125: BlackBerries | B125: 36
A126: Strawberries, Blueberries & Pineapples | B126: =SUM((B75/7.5)*1)+((B60/10)*1)+((B9/4.5)*1) -> 12.066667
A127: Cauliflower, Broccoli & Celery | B127: =SUM((B12/18)*1)+((B24/15)*1)+((B25/35)*1) -> 4.5526984
A128: Mango, Pineapples & Grapes | B128: =SUM((B31/18)*1)+((B43/5)*1)+((B60/10)*1) -> 6.6555556
A129: Jicama, Daikon & Radish | B129: =SUM((B38/20)*1)+((B65/40)*1)+((B99/10)*1) -> 4.9
A130: Parsnip & Turnip | B130: =SUM((B54/20)*1)+((B83/20)*1) -> 3.125
A131: Poblano | B131: 37
A132: Asparagus & Lemons | B132: =SUM(B4/10)+(B42/40) -> 4.375
A133: Green & Red Peppers | B133: =SUM(B57/15)+(B58/15) -> 5.8666667
A134: Apple & Pear Mix | B134: =SUM(B3/29)+(B56/29) -> 2.8965517
A135: Apple & Grapes Mix | B135: =SUM(B31/18)+(B3/29) -> 3.6072797
A136: Apple & Celery Mix | B136: =SUM(B3/29)+(B25/35) -> 2.408867
A137: Apple & Baby Carrots Mix | B137: =SUM(B3/29)+(B21/20) -> 3.1517241
A138: Apple & Turnips Mix | B138: =SUM(B83/18)+(B3/29) -> 2.9128352
A139: Broccoli & Cauliflower Mix | B139: =SUM(B12/18)+(B24/16) -> 3.5409722
A140: Broccoli & Grape Tomato Mix | B140: =SUM(B80/8)+(B12/18) -> 3.2222222
A141: Broccoli & Sugar Snaps Mix | B141: =SUM(B77/10)+(B12/18) -> 3.9222222
A142: Cantaloupe & Grape Mix | B142: =SUM(B19/18)+(B31/18) -> 3.1666667
A143: Cantaloupe & Honeydew Mix | B143: =SUM(B36/15)+(B19/18) -> 2.8444444
A144: Cantaloupe & Pineapples Mix | B144: =SUM(B60/9)+(B19/18) -> 3.1111111
A145: Carrots & Broccoli Mix | B145: =SUM(B12/18)+(B21/20) -> 2.8222222
A146: Carrots & Celery Mix | B146: =SUM(B21/20)+(B25/35) -> 2.4571429
A147: Carrots & Grape Tomato Mix | B147: =SUM(B80/8)+(B21/20) -> 3.6
A148: Carrots & Pears Mix | B148: =SUM(B56/29)+(B21/20) -> 2.9448276
A149: Carrots & Sugar Snaps Mix | B149: =SUM(B77/10)+(B21/20) -> 4.3
A150: Cauliflower & Grape Tomato Mix | B150: =SUM(B80/8)+(B24/16) -> 4.31875
A151: Celery & Grape Tomato Mix | B151: =SUM(B80/8)+(B25/35) -> 2.8571429
A152: Celery & Pears Mix | B152: =SUM(B56/29)+(B25/35) -> 2.2019704
A153: Celery & Grapes Mix | B153: =SUM(B31/18)+(B25/35) -> 2.9126984
A154: Cucumbes & Pineapples Mix | B154: =SUM(B60/10)+(B29/40) -> 3.1
A155: Grapes & Pineapples Mix | B155: =SUM(B31/18)+(B60/10) -> 3.8555556
A156: Grapes & Grape Tomato Mix | B156: =SUM(B80/8)+(B31/18) -> 4.0555556
A157: Grape Tomato & Mango Mix | B157: =SUM(B80/8)+(B43/5) -> 4.8
A158: Honeydew & Grapes Mix | B158: =SUM(B31/18)+(B36/15) -> 3.7888889
A159: Honeydew & Pineapple Mix | B159: =SUM(B36/15)+(B60/10) -> 3.5333333
...

Sheet Packaging Cost
A1: PACKAGING TYPE | B1: BOX COST | C1: BAG COST | D1: TRAY / CHEMICAL | E1: LABELS / TAPE | F1: TOTAL COST
A2: 4/5 NEW KRAFT | B2: 0.75 | C2: 0.38 | D2: 0 | E2: 0.1 | F2: =SUM(B2:E2) -> 1.23
A3: 2/10 NEW KRAFT | B3: 0.75 | C3: 0.75 | D3: 0 | E3: 0.1 | F3: =SUM(B3:E3) -> 1.6
A4: 2/5 TUB | B4: 0.67 | C4: 0.13 | D4: 0 | E4: 0.1 | F4: =SUM(B4:E4) -> 0.9
A5: 1/5 TUB | B5: 0.42 | C5: 0.07 | D5: 0 | E5: 0.1 | F5: =SUM(B5:E5) -> 0.59
A6: 2/5 FRUIT TRAY | B6: 1.1 | C6: 0 | D6: 2.02 | E6: 0.1 | F6: =SUM(B6:E6) -> 3.22
A7: 2/5 ONION TRAY | B7: 1.1 | C7: 0 | D7: 1.32 | E7: 0.1 | F7: =SUM(B7:E7) -> 2.52
A8: 1/5 FRUIT TRAY | B8: 0.65 | C8: 0 | D8: 1.01 | E8: 0.1 | F8: =SUM(B8:E8) -> 1.76
A9: 1/5 ONION TRAY | B9: 0.65 | C9: 0 | D9: 0.66 | E9: 0.1 | F9: =SUM(B9:E9) -> 1.41
A10: 4/3 TUB | B10: 0.67 | C10: 0.38 | D10: 0 | E10: 0.1 | F10: =SUM(B10:E10) -> 1.15
A11: SNAKPAK 50CT | B11: 0.75 | C11: 1.75 | D11: 0 | E11: 0.1 | F11: =SUM(B11:E11) -> 2.6
A12: SNAKPAK 100CT | B12: 0.75 | C12: 3.5 | D12: 0 | E12: 0.1 | F12: =SUM(B12:E12) -> 4.35
A13: 4/3 NEW KRAFT | B13: 0.75 | C13: 0.38 | D13: 0 | E13: 0.1 | F13: =SUM(B13:E13) -> 1.23
A14: 5# WHOLE PRODUCE | C14: 0.1 | D14: 0 | E14: 0.1 | F14: =SUM(B14:E14) -> 0.2
A15: SNAKPAK 50CT 10# TRAY | B15: 1.01 | C15: 1.75 | D15: 0 | E15: 0.1 | F15: =SUM(B15:E15) -> 2.86
A16: PARTY TRAY | B16: 0 | C16: 0 | D16: 2 | E16: 0.1 | F16: =SUM(B16:E16) -> 2.1
A17: PICO DE GALLO | B17: 1 | C17: 0 | D17: 4.36 | E17: 0.1 | F17: =SUM(B17:E17) -> 5.46
A18: 2/4 SMALL COLLARD | B18: 0.42 | C18: 0.16 | D18: 0 | E18: 0.1 | F18: =SUM(B18:E18) -> 0.68
A19: 10X1LBS BAG | B19: 0.67 | C19: 3.9 | E19: 0.1 | F19: =SUM(B19:E19) -> 4.67
A20: APPLE SNACK PACK 50CT | B20: 0.75 | C20: 1.75 | D20: 1.5 | E20: 0.1 | F20: =SUM(B20:E20) -> 4.1
A21: APPLE SNACK PACK 100CT | B21: 0.75 | C21: 3.5 | D21: 3 | E21: 0.1 | F21: =SUM(B21:E21) -> 7.35
A22: APPLE BULK 4/3 | B22: 0.75 | C22: 0.38 | D22: 1.5 | E22: 0.1 | F22: =SUM(B22:E22) -> 2.73
A23: APPLE BULK 4/5 | B23: 0.75 | C23: 0.25 | D23: 1.5 | E23: 0.1 | F23: =SUM(B23:E23) -> 2.6
A24: POTATOES 2/5 | B24: 0.75 | C24: 0.75 | D24: 0.75 | E24: 0.1 | F24: =SUM(B24:E24) -> 2.35
A25: POTATOES 4/5 | B25: 0.75 | C25: 0.25 | D25: 0.75 | E25: 0.1 | F25: =SUM(B25:E25) -> 1.85
A26: POTATOES 2/10 | B26: 0.75 | C26: 0.75 | D26: 0.75 | E26: 0.1 | F26: =SUM(B26:E26) -> 2.35
A27: TOMATO BAG 4/5 | B27: 0.75 | C27: 1.75 | E27: 0.1 | F27: =SUM(B27:E27) -> 2.6
A28: 8CT FRUIT CUPS | B28: 0.67 | C28: 2.24 | E28: 0.1 | F28: =SUM(B28:E28) -> 3.01
A29: 4/2# MCENTIRE | B29: 0.42 | C29: 0.2 | E29: 0.1 | F29: =SUM(B29:E29) -> 0.72
A30: PARTY TRAY | D30: 1.9 | E30: 0.1 | F30: =SUM(B30:E30) -> 2
F31: =SUM(B31:E31) -> 0
F32: =SUM(B32:E32) -> 0
F33: =SUM(B33:E33) -> 0
F34: =SUM(B34:E34) -> 0
F35: =SUM(B35:E35) -> 0

Sheet Master Item List
A1: DESCRIPTION | B1: ITEM CODE | C1: Base Product | D1: Ranch? | E1: Snakpak or Foodservice? | F1: Packaging Type | G1: Yield (LB/Prod) | H1: Cost/LB (Price/Yield) | I1: Cost/Oz | J1: CASE WT | K1: LABOR | L1: PACKAGING | M1: UNIT COST | N1: 0.25 | O1: 0.3 | P1: 0.35 | Q1: 0.4 | R1: 0.45 | S1: 25% Rounded | T1: 30% Rounded | U1: 35% Rounded | V1: 40% Rounded | W1: 45% Rounded
A2: ACORN SQUASH, DICED (4X5#CASE) | B2: AC | C2: Squash, Acorn | D2: No | E2: Foodservice | F2: 4/5 NEW KRAFT | G2: 20 | H2: =VLOOKUP($C2,'Raw Cost'!$A$1:$B$484,2,FALSE)/G2 -> 1.3 | I2: =H2/16 -> 0.08125 | J2: 20 | K2: 0.25 | L2: =VLOOKUP($F2,'Packaging Cost'!$A$1:$F$43,6,FALSE) -> 1.23 | M2: =IF($E2="Snakpak",(($J2*H2)+($K2*'Labor Cost'!$A$2)+L2)+2.25,($J2*H2)+($K2*'Labor Cost'!$A$2)+L2+1) -> 34.105 | N2: =IF($D2="No",$M2*1.25,($M2*1.25)+15) -> 42.63125 | O2: =IF($D2="No",$M2*1.3,($M2*1.3)+15) -> 44.3365 | P2: =IF($D2="No",$M2*1.35,($M2*1.35)+15) -> 46.04175 | Q2: =IF($D2="No",$M2*1.4,($M2*1.4)+15) -> 47.747 | R2: =IF($D2="No",$M2*1.45,($M2*1.45)+15) -> 49.45225 | S2: =MROUND(N2,0.25) -> 42.75 | T2: =MROUND(O2,0.25) -> 44.25 | U2: =MROUND(P2,0.25) -> 46 | V2: =MROUND(Q2,0.25) -> 47.75 | W2: =MROUND(R2,0.25) -> 49.5
A3: APPLE, GREEN DICED (4X5# CASE) | B3: APD | C3: Apples, Granny | D3: No | E3: Foodservice | F3: APPLE BULK 4/5 | G3: 29 | H3: =VLOOKUP($C3,'Raw Cost'!$A$1:$B$484,2,FALSE)/G3 -> 1.3103448 | I3: =H3/16 -> 0.081896552 | J3: 20 | K3: 0.25 | L3: =VLOOKUP($F3,'Packaging Cost'!$A$1:$F$43,6,FALSE) -> 2.6 | M3: =IF($E3="Snakpak",(($J3*H3)+($K3*'Labor Cost'!$A$2)+L3)+2.25,($J3*H3)+($K3*'Labor Cost'!$A$2)+L3+1) -> 35.681897 | N3: =IF($D3="No",$M3*1.25,($M3*1.25)+15) -> 44.602371 | O3: =IF($D3="No",$M3*1.3,($M3*1.3)+15) -> 46.386466 | P3: =IF($D3="No",$M3*1.35,($M3*1.35)+15) -> 48.17056 | Q3: =IF($D3="No",$M3*1.4,($M3*1.4)+15) -> 49.954655 | R3: =IF($D3="No",$M3*1.45,($M3*1.45)+15) -> 51.73875 | S3: =MROUND(N3,0.25) -> 44.5 | T3: =MROUND(O3,0.25) -> 46.5 | U3: =MROUND(P3,0.25) -> 48.25 | V3: =MROUND(Q3,0.25) -> 50 | W3: =MROUND(R3,0.25) -> 51.75
A4: APPLE, GREEN WEDGES (10X1# CASE) | B4: GRW10 | C4: Apples, Granny | D4: No | E4: Foodservice | F4: 10X1LBS BAG | G4: 29 | H4: =VLOOKUP($C4,'Raw Cost'!$A$1:$B$484,2,FALSE)/G4 -> 1.3103448 | I4: =H4/16 -> 0.081896552 | J4: 10 | K4: 0.25 | L4: =VLOOKUP($F4,'Packaging Cost'!$A$1:$F$43,6,FALSE) -> 4.67 | M4: =IF($E4="Snakpak",(($J4*H4)+($K4*'Labor Cost'!$A$2)+L4)+2.25,($J4*H4)+($K4*'Labor Cost'!$A$2)+L4+1) -> 24.648448 | N4: =IF($D4="No",$M4*1.25,($M4*1.25)+15) -> 30.81056 | O4: =IF($D4="No",$M4*1.3,($M4*1.3)+15) -> 32.042983 | P4: =IF($D4="No",$M4*1.35,($M4*1.35)+15) -> 33.275405 | Q4: =IF($D4="No",$M4*1.4,($M4*1.4)+15) -> 34.507828 | R4: =IF($D4="No",$M4*1.45,($M4*1.45)+15) -> 35.74025 | S4: =MROUND(N4,0.25) -> 30.75 | T4: =MROUND(O4,0.25) -> 32 | U4: =MROUND(P4,0.25) -> 33.25 | V4: =MROUND(Q4,0.25) -> 34.5 | W4: =MROUND(R4,0.25) -> 35.75
A5: APPLE, GREEN WEDGES (4 X 3) | B5: GRW | C5: Apples, Granny | D5: No | E5: Foodservice | F5: 4/3 TUB | G5: 29 | H5: =VLOOKUP($C5,'Raw Cost'!$A$1:$B$484,2,FALSE)/G5 -> 1.3103448 | I5: =H5/16 -> 0.081896552 | J5: 12 | K5: 0.25 | L5: =VLOOKUP($F5,'Packaging Cost'!$A$1:$F$43,6,FALSE) -> 1.15 | M5: =IF($E5="Snakpak",(($J5*H5)+($K5*'Labor Cost'!$A$2)+L5)+2.25,($J5*H5)+($K5*'Labor Cost'!$A$2)+L5+1) -> 23.749138 | N5: =IF($D5="No",$M5*1.25,($M5*1.25)+15) -> 29.686422 | O5: =IF($D5="No",$M5*1.3,($M5*1.3)+15) -> 30.873879 | P5: =IF($D5="No",$M5*1.35,($M5*1.35)+15) -> 32.061336 | Q5: =IF($D5="No",$M5*1.4,($M5*1.4)+15) -> 33.248793 | R5: =IF($D5="No",$M5*1.45,($M5*1.45)+15) -> 34.43625 | S5: =MROUND(N5,0.25) -> 29.75 | T5: =MROUND(O5,0.25) -> 30.75 | U5: =MROUND(P5,0.25) -> 32 | V5: =MROUND(Q5,0.25) -> 33.25 | W5: =MROUND(R5,0.25) -> 34.5
A6: APPLE, RED DICED (4X5# CASE) | B6: DRA | C6: Apples, Gala | D6: No | E6: Foodservice | F6: APPLE BULK 4/5 | G6: 29 | H6: =VLOOKUP($C6,'Raw Cost'!$A$1:$B$484,2,FALSE)/G6 -> 1.5517241 | I6: =H6/16 -> 0.096982759 | J6: 20 | K6: 0.25 | L6: =VLOOKUP($F6,'Packaging Cost'!$A$1:$F$43,6,FALSE) -> 2.6 | M6: =IF($E6="Snakpak",(($J6*H6)+($K6*'Labor Cost'!$A$2)+L6)+2.25,($J6*H6)+($K6*'Labor Cost'!$A$2)+L6+1) -> 40.509483 | N6: =IF($D6="No",$M6*1.25,($M6*1.25)+15) -> 50.636853 | O6: =IF($D6="No",$M6*1.3,($M6*1.3)+15) -> 52.662328 | P6: =IF($D6="No",$M6*1.35,($M6*1.35)+15) -> 54.687802 | Q6: =IF($D6="No",$M6*1.4,($M6*1.4)+15) -> 56.713276 | R6: =IF($D6="No",$M6*1.45,($M6*1.45)+15) -> 58.73875 | S6: =MROUND(N6,0.25) -> 50.75 | T6: =MROUND(O6,0.25) -> 52.75 | U6: =MROUND(P6,0.25) -> 54.75 | V6: =MROUND(Q6,0.25) -> 56.75 | W6: =MROUND(R6,0.25) -> 58.75
A7: APPLE, RED WEDGES (10X1#CASE) | B7: GW10 | C7: Apples, Gala | D7: No | E7: Foodservice | F7: 10X1LBS BAG | G7: 29 | H7: =VLOOKUP($C7,'Raw Cost'!$A$1:$B$484,2,FALSE)/G7 -> 1.5517241 | I7: =H7/16 -> 0.096982759 | J7: 10 | K7: 0.25 | L7: =VLOOKUP($F7,'Packaging Cost'!$A$1:$F$43,6,FALSE) -> 4.67 | M7: =IF($E7="Snakpak",(($J7*H7)+($K7*'Labor Cost'!$A$2)+L7)+2.25,($J7*H7)+($K7*'Labor Cost'!$A$2)+L7+1) -> 27.062241 | N7: =IF($D7="No",$M7*1.25,($M7*1.25)+15) -> 33.827802 | O7: =IF($D7="No",$M7*1.3,($M7*1.3)+15) -> 35.180914 | P7: =IF($D7="No",$M7*1.35,($M7*1.35)+15) -> 36.534026 | Q7: =IF($D7="No",$M7*1.4,($M7*1.4)+15) -> 37.887138 | R7: =IF($D7="No",$M7*1.45,($M7*1.45)+15) -> 39.24025 | S7: =MROUND(N7,0.25) -> 33.75 | T7: =MROUND(O7,0.25) -> 35.25 | U7: =MROUND(P7,0.25) -> 36.5 | V7: =MROUND(Q7,0.25) -> 38 | W7: =MROUND(R7,0.25) -> 39.25
A8: APPLE, RED WEDGES (4X3#CASE) | B8: GW | C8: Apples, Gala | D8: No | E8: Foodservice | F8: APPLE BULK 4/3 | G8: 29 | H8: =VLOOKUP($C8,'Raw Cost'!$A$1:$B$484,2,FALSE)/G8 -> 1.5517241 | I8: =H8/16 -> 0.096982759 | J8: 12 | K8: 0.25 | L8: =VLOOKUP($F8,'Packaging Cost'!$A$1:$F$43,6,FALSE) -> 2.73 | M8: =IF($E8="Snakpak",(($J8*H8)+($K8*'Labor Cost'!$A$2)+L8)+2.25,($J8*H8)+($K8*'Labor Cost'!$A$2)+L8+1) -> 28.22569 | N8: =IF($D8="No",$M8*1.25,($M8*1.25)+15) -> 35.282112 | O8: =IF($D8="No",$M8*1.3,($M8*1.3)+15) -> 36.693397 | P8: =IF($D8="No",$M8*1.35,($M8*1.35)+15) -> 38.104681 | Q8: =IF($D8="No",$M8*1.4,($M8*1.4)+15) -> 39.515966 | R8: =IF($D8="No",$M8*1.45,($M8*1.45)+15) -> 40.92725 | S8: =MROUND(N8,0.25) -> 35.25 | T8: =MROUND(O8,0.25) -> 36.75 | U8: =MROUND(P8,0.25) -> 38 | V8: =MROUND(Q8,0.25) -> 39.5 | W8: =MROUND(R8,0.25) -> 41
A9: BEETS, CANDY STRIPE DICED (2X5#CASE) | B9: BET | C9: Beets, Candystripe 25# | D9: No | E9: Foodservice | F9: 2/5 TUB | G9: 18 | H9: =VLOOKUP($C9,'Raw Cost'!$A$1:$B$484,2,FALSE)/G9 -> 1.9444444 | I9: =H9/16 -> 0.12152778 | J9: 10 | K9: 0.25 | L9: =VLOOKUP($F9,'Packaging Cost'!$A$1:$F$43,6,FALSE) -> 0.9 | M9: =IF($E9="Snakpak",(($J9*H9)+($K9*'Labor Cost'!$A$2)+L9)+2.25,($J9*H9)+($K9*'Labor Cost'!$A$2)+L9+1) -> 27.219444 | N9: =IF($D9="No",$M9*1.25,($M9*1.25)+15) -> 34.024306 | O9: =IF($D9="No",$M9*1.3,($M9*1.3)+15) -> 35.385278 | P9: =IF($D9="No",$M9*1.35,($M9*1.35)+15) -> 36.74625 | Q9: =IF($D9="No",$M9*1.4,($M9*1.4)+15) -> 38.107222 | R9: =IF($D9="No",$M9*1.45,($M9*1.45)+15) -> 39.468194 | S9: =MROUND(N9,0.25) -> 34 | T9: =MROUND(O9,0.25) -> 35.5 | U9: =MROUND(P9,0.25) -> 36.75 | V9: =MROUND(Q9,0.25) -> 38 | W9: =MROUND(R9,0.25) -> 39.5
A10: BEETS, DICED (2X5#CASE) | B10: BETD | C10: Beets, Cut 25# | D10: No | E10: Foodservice | F10: 2/5 TUB | G10: 18 | H10: =VLOOKUP($C10,'Raw Cost'!$A$1:$B$484,2,FALSE)/G10 -> 1 | I10: =H10/16 -> 0.0625 | J10: 10 | K10: 0.25 | L10: =VLOOKUP($F10,'Packaging Cost'!$A$1:$F$43,6,FALSE) -> 0.9 | M10: =IF($E10="Snakpak",(($J10*H10)+($K10*'Labor Cost'!$A$2)+L10)+2.25,($J10*H10)+($K10*'Labor Cost'!$A$2)+L10+1) -> 17.775 | N10: =IF($D10="No",$M10*1.25,($M10*1.25)+15) -> 22.21875 | O10: =IF($D10="No",$M10*1.3,($M10*1.3)+15) -> 23.1075 | P10: =IF($D10="No",$M10*1.35,($M10*1.35)+15) -> 23.99625 | Q10: =IF($D10="No",$M10*1.4,($M10*1.4)+15) -> 24.885 | R10: =IF($D10="No",$M10*1.45,($M10*1.45)+15) -> 25.77375 | S10: =MROUND(N10,0.25) -> 22.25 | T10: =MROUND(O10,0.25) -> 23 | U10: =MROUND(P10,0.25) -> 24 | V10: =MROUND(Q10,0.25) -> 25 | W10: =MROUND(R10,0.25) -> 25.75
A11: BEETS, GOLD DICED (2X5#CASE) | B11: BET | C11: Beets, Gold 25# | D11: No | E11: Foodservice | F11: 2/5 TUB | G11: 18 | H11: =VLOOKUP($C11,'Raw Cost'!$A$1:$B$484,2,FALSE)/G11 -> 1.8888889 | I11: =H11/16 -> 0.11805556 | J11: 10 | K11: 0.25 | L11: =VLOOKUP($F11,'Packaging Cost'!$A$1:$F$43,6,FALSE) -> 0.9 | M11: =IF($E11="Snakpak",(($J11*H11)+($K11*'Labor Cost'!$A$2)+L11)+2.25,($J11*H11)+($K11*'Labor Cost'!$A$2)+L11+1) -> 26.663889 | N11: =IF($D11="No",$M11*1.25,($M11*1.25)+15) -> 33.329861 | O11: =IF($D11="No",$M11*1.3,($M11*1.3)+15) -> 34.663056 | P11: =IF($D11="No",$M11*1.35,($M11*1.35)+15) -> 35.99625 | Q11: =IF($D11="No",$M11*1.4,($M11*1.4)+15) -> 37.329444 | R11: =IF($D11="No",$M11*1.45,($M11*1.45)+15) -> 38.662639 | S11: =MROUND(N11,0.25) -> 33.25 | T11: =MROUND(O11,0.25) -> 34.75 | U11: =MROUND(P11,0.25) -> 36 | V11: =MROUND(Q11,0.25) -> 37.25 | W11: =MROUND(R11,0.25) -> 38.75
A12: BOK CHOY, CHOPPED (4 X 5# CASE) | B12: BC | C12: Bok Choy | D12: No | E12: Foodservice | F12: 4/5 NEW KRAFT | G12: 30 | H12: =VLOOKUP($C12,'Raw Cost'!$A$1:$B$484,2,FALSE)/G12 -> 1.4596667 | I12: =H12/16 -> 0.091229167 | J12: 20 | K12: 0.25 | L12: =VLOOKUP($F12,'Packaging Cost'!$A$1:$F$43,6,FALSE) -> 1.23 | M12: =IF($E12="Snakpak",(($J12*H12)+($K12*'Labor Cost'!$A$2)+L12)+2.25,($J12*H12)+($K12*'Labor Cost'!$A$2)+L12+1) -> 37.298333 | N12: =IF($D12="No",$M12*1.25,($M12*1.25)+15) -> 46.622917 | O12: =IF($D12="No",$M12*1.3,($M12*1.3)+15) -> 48.487833 | P12: =IF($D12="No",$M12*1.35,($M12*1.35)+15) -> 50.35275 | Q12: =IF($D12="No",$M12*1.4,($M12*1.4)+15) -> 52.217667 | R12: =IF($D12="No",$M12*1.45,($M12*1.45)+15) -> 54.082583 | S12: =MROUND(N12,0.25) -> 46.5 | T12: =MROUND(O12,0.25) -> 48.5 | U12: =MROUND(P12,0.25) -> 50.25 | V12: =MROUND(Q12,0.25) -> 52.25 | W12: =MROUND(R12,0.25) -> 54
A13: BROCCOLI FLORETS (4X3# CASE) | B13: BROF | C13: Broccoli Crowns | D13: No | E13: Foodservice | F13: 4/3 NEW KRAFT | G13: 15 | H13: =VLOOKUP($C13,'Raw Cost'!$A$1:$B$484,2,FALSE)/G13 -> 1.4666667 | I13: =H13/16 -> 0.091666667 | J13: 12 | K13: 0.25 | L13: =VLOOKUP($F13,'Packaging Cost'!$A$1:$F$43,6,FALSE) -> 1.23 | M13: =IF($E13="Snakpak",(($J13*H13)+($K13*'Labor Cost'!$A$2)+L13)+2.25,($J13*H13)+($K13*'Labor Cost'!$A$2)+L13+1) -> 25.705 | N13: =IF($D13="No",$M13*1.25,($M13*1.25)+15) -> 32.13125 | O13: =IF($D13="No",$M13*1.3,($M13*1.3)+15) -> 33.4165 | P13: =IF($D13="No",$M13*1.35,($M13*1.35)+15) -> 34.70175 | Q13: =IF($D13="No",$M13*1.4,($M13*1.4)+15) -> 35.987 | R13: =IF($D13="No",$M13*1.45,($M13*1.45)+15) -> 37.27225 | S13: =MROUND(N13,0.25) -> 32.25 | T13: =MROUND(O13,0.25) -> 33.5 | U13: =MROUND(P13,0.25) -> 34.75 | V13: =MROUND(Q13,0.25) -> 36 | W13: =MROUND(R13,0.25) -> 37.25
A14: BROCCOLI FLORETS (6x3#CASE) | B14: BROF63 | C14: Broccoli Crowns | D14: No | E14: Foodservice | F14: 4/5 NEW KRAFT | G14: 15 | H14: =VLOOKUP($C14,'Raw Cost'!$A$1:$B$484,2,FALSE)/G14 -> 1.4666667 | I14: =H14/16 -> 0.091666667 | J14: 18 | K14: 0.25 | L14: =VLOOKUP($F14,'Packaging Cost'!$A$1:$F$43,6,FALSE) -> 1.23 | M14: =IF($E14="Snakpak",(($J14*H14)+($K14*'Labor Cost'!$A$2)+L14)+2.25,($J14*H14)+($K14*'Labor Cost'!$A$2)+L14+1) -> 34.505 | N14: =IF($D14="No",$M14*1.25,($M14*1.25)+15) -> 43.13125 | O14: =IF($D14="No",$M14*1.3,($M14*1.3)+15) -> 44.8565 | P14: =IF($D14="No",$M14*1.35,($M14*1.35)+15) -> 46.58175 | Q14: =IF($D14="No",$M14*1.4,($M14*1.4)+15) -> 48.307 | R14: =IF($D14="No",$M14*1.45,($M14*1.45)+15) -> 50.03225 | S14: =MROUND(N14,0.25) -> 43.25 | T14: =MROUND(O14,0.25) -> 44.75 | U14: =MROUND(P14,0.25) -> 46.5 | V14: =MROUND(Q14,0.25) -> 48.25 | W14: =MROUND(R14,0.25) -> 50
A15: BROCCOLI SLAW (4X3#CASE) | B15: BRS | C15: Broccoli Slaw | D15: No | E15: Foodservice | F15: 4/3 TUB | G15: 15 | H15: =VLOOKUP($C15,'Raw Cost'!$A$1:$B$484,2,FALSE)/G15 -> 1.6285714 | I15: =H15/16 -> 0.10178571 | J15: 12 | K15: 0.15 | L15: =VLOOKUP($F15,'Packaging Cost'!$A$1:$F$43,6,FALSE) -> 1.15 | M15: =IF($E15="Snakpak",(($J15*H15)+($K15*'Labor Cost'!$A$2)+L15)+2.25,($J15*H15)+($K15*'Labor Cost'!$A$2)+L15) -> 24.217857 | N15: =IF($D15="No",$M15*1.25,($M15*1.25)+15) -> 30.272321 | O15: =IF($D15="No",$M15*1.3,($M15*1.3)+15) -> 31.483214 | P15: =IF($D15="No",$M15*1.35,($M15*1.35)+15) -> 32.694107 | Q15: =IF($D15="No",$M15*1.4,($M15*1.4)+15) -> 33.905 | R15: =IF($D15="No",$M15*1.45,($M15*1.45)+15) -> 35.115893 | S15: =MROUND(N15,0.25) -> 30.25 | T15: =MROUND(O15,0.25) -> 31.5 | U15: =MROUND(P15,0.25) -> 32.75 | V15: =MROUND(Q15,0.25) -> 34 | W15: =MROUND(R15,0.25) -> 35
A16: BRUSSEL SPROUTS, SHREDDED (4X5# CASE) | B16: BRU | C16: Brussel Sprouts | D16: No | E16: Foodservice | F16: 4/5 NEW KRAFT | G16: 20 | H16: =VLOOKUP($C16,'Raw Cost'!$A$1:$B$484,2,FALSE)/G16 -> 1.8 | I16: =H16/16 -> 0.1125 | J16: 20 | K16: 0.35 | L16: =VLOOKUP($F16,'Packaging Cost'!$A$1:$F$43,6,FALSE) -> 1.23 | M16: =IF($E16="Snakpak",(($J16*H16)+($K16*'Labor Cost'!$A$2)+L16)+2.25,($J16*H16)+($K16*'Labor Cost'!$A$2)+L16+1) -> 46.455 | N16: =IF($D16="No",$M16*1.25,($M16*1.25)+15) -> 58.06875 | O16: =IF($D16="No",$M16*1.3,($M16*1.3)+15) -> 60.3915 | P16: =IF($D16="No",$M16*1.35,($M16*1.35)+15) -> 62.71425 | Q16: =IF($D16="No",$M16*1.4,($M16*1.4)+15) -> 65.037 | R16: =IF($D16="No",$M16*1.45,($M16*1.45)+15) -> 67.35975 | S16: =MROUND(N16,0.25) -> 58 | T16: =MROUND(O16,0.25) -> 60.5 | U16: =MROUND(P16,0.25) -> 62.75 | V16: =MROUND(Q16,0.25) -> 65 | W16: =MROUND(R16,0.25) -> 67.25
A17: BRUSSELS SPROUT, TRIMMED & HALVED (4X5# CASE) | B17: BRUH | C17: Brussel Sprouts | D17: No | E17: Foodservice | F17: 4/5 NEW KRAFT | G17: 20 | H17: =VLOOKUP($C17,'Raw Cost'!$A$1:$B$484,2,FALSE)/G17 -> 1.8 | I17: =H17/16 -> 0.1125 | J17: 20 | K17: 0.75 | L17: =VLOOKUP($F17,'Packaging Cost'!$A$1:$F$43,6,FALSE) -> 1.23 | M17: =IF($E17="Snakpak",(($J17*H17)+($K17*'Labor Cost'!$A$2)+L17)+2.25,($J17*H17)+($K17*'Labor Cost'!$A$2)+L17+1) -> 55.855 | N17: =IF($D17="No",$M17*1.25,($M17*1.25)+15) -> 69.81875 | O17: =IF($D17="No",$M17*1.3,($M17*1.3)+15) -> 72.6115 | P17: =IF($D17="No",$M17*1.35,($M17*1.35)+15) -> 75.40425 | Q17: =IF($D17="No",$M17*1.4,($M17*1.4)+15) -> 78.197 | R17: =IF($D17="No",$M17*1.45,($M17*1.45)+15) -> 80.98975 | S17: =MROUND(N17,0.25) -> 69.75 | T17: =MROUND(O17,0.25) -> 72.5 | U17: =MROUND(P17,0.25) -> 75.5 | V17: =MROUND(Q17,0.25) -> 78.25 | W17: =MROUND(R17,0.25) -> 81
A18: BUTTERNUT SQUASH DICED (20# CASE) | B18: BD | C18: Squash, Butternut | D18: No | E18: Foodservice | F18: 4/5 NEW KRAFT | G18: 26 | H18: =VLOOKUP($C18,'Raw Cost'!$A$1:$B$484,2,FALSE)/G18 -> 1 | I18: =H18/16 -> 0.0625 | J18: 20 | K18: 0.27 | L18: =VLOOKUP($F18,'Packaging Cost'!$A$1:$F$43,6,FALSE) -> 1.23 | M18: =IF($E18="Snakpak",(($J18*H18)+($K18*'Labor Cost'!$A$2)+L18)+2.25,($J18*H18)+($K18*'Labor Cost'!$A$2)+L18+1) -> 28.575 | N18: =IF($D18="No",$M18*1.25,($M18*1.25)+15) -> 35.71875 | O18: =IF($D18="No",$M18*1.3,($M18*1.3)+15) -> 37.1475 | P18: =IF($D18="No",$M18*1.35,($M18*1.35)+15) -> 38.57625 | Q18: =IF($D18="No",$M18*1.4,($M18*1.4)+15) -> 40.005 | R18: =IF($D18="No",$M18*1.45,($M18*1.45)+15) -> 41.43375 | S18: =MROUND(N18,0.25) -> 35.75 | T18: =MROUND(O18,0.25) -> 37.25 | U18: =MROUND(P18,0.25) -> 38.5 | V18: =MROUND(Q18,0.25) -> 40 | W18: =MROUND(R18,0.25) -> 41.5
A19: CABBAGE, CHOPPED (20# CASE) | B19: CHCAB | C19: Cabbage, Bag | D19: No | E19: Foodservice | F19: 4/5 NEW KRAFT | G19: 35 | H19: =VLOOKUP($C19,'Raw Cost'!$A$1:$B$484,2,FALSE)/G19 -> 0.48571429 | I19: =H19/16 -> 0.030357143 | J19: 20 | K19: 0.25 | L19: =VLOOKUP($F19,'Packaging Cost'!$A$1:$F$43,6,FALSE) -> 1.23 | M19: =IF($E19="Snakpak",(($J19*H19)+($K19*'Labor Cost'!$A$2)+L19)+2.25,($J19*H19)+($K19*'Labor Cost'!$A$2)+L19+1) -> 17.819286 | N19: =IF($D19="No",$M19*1.25,($M19*1.25)+15) -> 22.274107 | O19: =IF($D19="No",$M19*1.3,($M19*1.3)+15) -> 23.165071 | P19: =IF($D19="No",$M19*1.35,($M19*1.35)+15) -> 24.056036 | Q19: =IF($D19="No",$M19*1.4,($M19*1.4)+15) -> 24.947 | R19: =IF($D19="No",$M19*1.45,($M19*1.45)+15) -> 25.837964 | S19: =MROUND(N19,0.25) -> 22.25 | T19: =MROUND(O19,0.25) -> 23.25 | U19: =MROUND(P19,0.25) -> 24 | V19: =MROUND(Q19,0.25) -> 25 | W19: =MROUND(R19,0.25) -> 25.75
A20: CABBAGE, DICED ZESTOS (20# CASE) | B20: ZES | C20: Cabbage, Bag | D20: No | E20: Foodservice | F20: 4/5 NEW KRAFT | G20: 35 | H20: =VLOOKUP($C20,'Raw Cost'!$A$1:$B$484,2,FALSE)/G20 -> 0.48571429 | I20: =H20/16 -> 0.030357143 | J20: 20 | K20: 0.25 | L20: =VLOOKUP($F20,'Packaging Cost'!$A$1:$F$43,6,FALSE) -> 1.23 | M20: =IF($E20="Snakpak",(($J20*H20)+($K20*'Labor Cost'!$A$2)+L20)+2.25,($J20*H20)+($K20*'Labor Cost'!$A$2)+L20+1) -> 17.819286 | N20: =IF($D20="No",$M20*1.25,($M20*1.25)+15) -> 22.274107 | O20: =IF($D20="No",$M20*1.3,($M20*1.3)+15) -> 23.165071 | P20: =IF($D20="No",$M20*1.35,($M20*1.35)+15) -> 24.056036 | Q20: =IF($D20="No",$M20*1.4,($M20*1.4)+15) -> 24.947 | R20: =IF($D20="No",$M20*1.45,($M20*1.45)+15) -> 25.837964 | S20: =MROUND(N20,0.25) -> 22.25 | T20: =MROUND(O20,0.25) -> 23.25 | U20: =MROUND(P20,0.25) -> 24 | V20: =MROUND(Q20,0.25) -> 25 | W20: =MROUND(R20,0.25) -> 25.75
A21: CABBAGE, SHRED RED (20# CASE) | B21: SR | C21: Cabbage, Red | D21: No | E21: Foodservice | F21: 4/5 NEW KRAFT | G21: 35 | H21: =VLOOKUP($C21,'Raw Cost'!$A$1:$B$484,2,FALSE)/G21 -> 0.71428571 | I21: =H21/16 -> 0.044642857 | J21: 20 | K21: 0.25 | L21: =VLOOKUP($F21,'Packaging Cost'!$A$1:$F$43,6,FALSE) -> 1.23 | M21: =IF($E21="Snakpak",(($J21*H21)+($K21*'Labor Cost'!$A$2)+L21)+2.25,($J21*H21)+($K21*'Labor Cost'!$A$2)+L21+1) -> 22.390714 | N21: =IF($D21="No",$M21*1.25,($M21*1.25)+15) -> 27.988393 | O21: =IF($D21="No",$M21*1.3,($M21*1.3)+15) -> 29.107929 | P21: =IF($D21="No",$M21*1.35,($M21*1.35)+15) -> 30.227464 | Q21: =IF($D21="No",$M21*1.4,($M21*1.4)+15) -> 31.347 | R21: =IF($D21="No",$M21*1.45,($M21*1.45)+15) -> 32.466536 | S21: =MROUND(N21,0.25) -> 28 | T21: =MROUND(O21,0.25) -> 29 | U21: =MROUND(P21,0.25) -> 30.25 | V21: =MROUND(Q21,0.25) -> 31.25 | W21: =MROUND(R21,0.25) -> 32.5
A22: CANTALOUPE CUBED (5# CASE) | B22: CANC | C22: Canteloupes | D22: No | E22: Foodservice | F22: 1/5 FRUIT TRAY | G22: 18 | H22: =VLOOKUP($C22,'Raw Cost'!$A$1:$B$484,2,FALSE)/G22 -> 1.1111111 | I22: =H22/16 -> 0.069444444 | J22: 5 | K22: 0.25 | L22: =VLOOKUP($F22,'Packaging Cost'!$A$1:$F$43,6,FALSE) -> 1.76 | M22: =IF($E22="Snakpak",(($J22*H22)+($K22*'Labor Cost'!$A$2)+L22)+2.25,($J22*H22)+($K22*'Labor Cost'!$A$2)+L22+1) -> 14.190556 | N22: =IF($D22="No",$M22*1.25,($M22*1.25)+15) -> 17.738194 | O22: =IF($D22="No",$M22*1.3,($M22*1.3)+15) -> 18.447722 | P22: =IF($D22="No",$M22*1.35,($M22*1.35)+15) -> 19.15725 | Q22: =IF($D22="No",$M22*1.4,($M22*1.4)+15) -> 19.866778 | R22: =IF($D22="No",$M22*1.45,($M22*1.45)+15) -> 20.576306 | S22: =MROUND(N22,0.25) -> 17.75 | T22: =MROUND(O22,0.25) -> 18.5 | U22: =MROUND(P22,0.25) -> 19.25 | V22: =MROUND(Q22,0.25) -> 19.75 | W22: =MROUND(R22,0.25) -> 20.5
A23: CANTALOUPE, HALVED (5#CASE) | B23: CANH | C23: Canteloupes | D23: No | E23: Foodservice | F23: 1/5 FRUIT TRAY | G23: 18 | H23: =VLOOKUP($C23,'Raw Cost'!$A$1:$B$484,2,FALSE)/G23 -> 1.1111111 | I23: =H23/16 -> 0.069444444 | J23: 5 | K23: 0.25 | L23: =VLOOKUP($F23,'Packaging Cost'!$A$1:$F$43,6,FALSE) -> 1.76 | M23: =IF($E23="Snakpak",(($J23*H23)+($K23*'Labor Cost'!$A$2)+L23)+2.25,($J23*H23)+($K23*'Labor Cost'!$A$2)+L23+1) -> 14.190556 | N23: =IF($D23="No",$M23*1.25,($M23*1.25)+15) -> 17.738194 | O23: =IF($D23="No",$M23*1.3,($M23*1.3)+15) -> 18.447722 | P23: =IF($D23="No",$M23*1.35,($M23*1.35)+15) -> 19.15725 | Q23: =IF($D23="No",$M23*1.4,($M23*1.4)+15) -> 19.866778 | R23: =IF($D23="No",$M23*1.45,($M23*1.45)+15) -> 20.576306 | S23: =MROUND(N23,0.25) -> 17.75 | T23: =MROUND(O23,0.25) -> 18.5 | U23: =MROUND(P23,0.25) -> 19.25 | V23: =MROUND(Q23,0.25) -> 19.75 | W23: =MROUND(R23,0.25) -> 20.5
A24: CANTALOUPE, SLICED (10# CASE) | B24: CANSL | C24: Canteloupes | D24: No | E24: Foodservice | F24: 2/5 FRUIT TRAY | G24: 18 | H24: =VLOOKUP($C24,'Raw Cost'!$A$1:$B$484,2,FALSE)/G24 -> 1.1111111 | I24: =H24/16 -> 0.069444444 | J24: 10 | K24: 0.25 | L24: =VLOOKUP($F24,'Packaging Cost'!$A$1:$F$43,6,FALSE) -> 3.22 | M24: =IF($E24="Snakpak",(($J24*H24)+($K24*'Labor Cost'!$A$2)+L24)+2.25,($J24*H24)+($K24*'Labor Cost'!$A$2)+L24+1) -> 21.206111 | N24: =IF($D24="No",$M24*1.25,($M24*1.25)+15) -> 26.507639 | O24: =IF($D24="No",$M24*1.3,($M24*1.3)+15) -> 27.567944 | P24: =IF($D24="No",$M24*1.35,($M24*1.35)+15) -> 28.62825 | Q24: =IF($D24="No",$M24*1.4,($M24*1.4)+15) -> 29.688556 | R24: =IF($D24="No",$M24*1.45,($M24*1.45)+15) -> 30.748861 | S24: =MROUND(N24,0.25) -> 26.5 | T24: =MROUND(O24,0.25) -> 27.5 | U24: =MROUND(P24,0.25) -> 28.75 | V24: =MROUND(Q24,0.25) -> 29.75 | W24: =MROUND(R24,0.25) -> 30.75
A25: CARROT STICKS (10# CASE) | B25: CARST10 | C25: Carrots,50# | D25: No | E25: Foodservice | F25: 2/5 TUB | G25: 35 | H25: =VLOOKUP($C25,'Raw Cost'!$A$1:$B$484,2,FALSE)/G25 -> 0.85714286 | I25: =H25/16 -> 0.053571429 | J25: 10 | K25: 0.25 | L25: =VLOOKUP($F25,'Packaging Cost'!$A$1:$F$43,6,FALSE) -> 0.9 | M25: =IF($E25="Snakpak",(($J25*H25)+($K25*'Labor Cost'!$A$2)+L25)+2.25,($J25*H25)+($K25*'Labor Cost'!$A$2)+L25+1) -> 16.346429 | N25: =IF($D25="No",$M25*1.25,($M25*1.25)+15) -> 20.433036 | O25: =IF($D25="No",$M25*1.3,($M25*1.3)+15) -> 21.250357 | P25: =IF($D25="No",$M25*1.35,($M25*1.35)+15) -> 22.067679 | Q25: =IF($D25="No",$M25*1.4,($M25*1.4)+15) -> 22.885 | R25: =IF($D25="No",$M25*1.45,($M25*1.45)+15) -> 23.702321 | S25: =MROUND(N25,0.25) -> 20.5 | T25: =MROUND(O25,0.25) -> 21.25 | U25: =MROUND(P25,0.25) -> 22 | V25: =MROUND(Q25,0.25) -> 23 | W25: =MROUND(R25,0.25) -> 23.75
A26: CARROT STICKS (20# CASE) | B26: CARST | C26: Carrots,50# | D26: No | E26: Foodservice | F26: 4/5 NEW KRAFT | G26: 35 | H26: =VLOOKUP($C26,'Raw Cost'!$A$1:$B$484,2,FALSE)/G26 -> 0.85714286 | I26: =H26/16 -> 0.053571429 | J26: 20 | K26: 0.25 | L26: =VLOOKUP($F26,'Packaging Cost'!$A$1:$F$43,6,FALSE) -> 1.23 | M26: =IF($E26="Snakpak",(($J26*H26)+($K26*'Labor Cost'!$A$2)+L26)+2.25,($J26*H26)+($K26*'Labor Cost'!$A$2)+L26+2) -> 26.247857 | N26: =IF($D26="No",$M26*1.25,($M26*1.25)+15) -> 32.809821 | O26: =IF($D26="No",$M26*1.3,($M26*1.3)+15) -> 34.122214 | P26: =IF($D26="No",$M26*1.35,($M26*1.35)+15) -> 35.434607 | Q26: =IF($D26="No",$M26*1.4,($M26*1.4)+15) -> 36.747 | R26: =IF($D26="No",$M26*1.45,($M26*1.45)+15) -> 38.059393 | S26: =MROUND(N26,0.25) -> 32.75 | T26: =MROUND(O26,0.25) -> 34 | U26: =MROUND(P26,0.25) -> 35.5 | V26: =MROUND(Q26,0.25) -> 36.75 | W26: =MROUND(R26,0.25) -> 38
A27: CARROT STICKS MCENTIRE (4# CASE) | B27: CARST10 | C27: Carrots,50# | D27: No | E27: Foodservice | F27: 1/5 TUB | G27: 35 | H27: =VLOOKUP($C27,'Raw Cost'!$A$1:$B$484,2,FALSE)/G27 -> 0.85714286 | I27: =H27/16 -> 0.053571429 | J27: 4 | K27: 0.25 | L27: =VLOOKUP($F27,'Packaging Cost'!$A$1:$F$43,6,FALSE) -> 0.59 | M27: =IF($E27="Snakpak",(($J27*H27)+($K27*'Labor Cost'!$A$2)+L27)+2.25,($J27*H27)+($K27*'Labor Cost'!$A$2)+L27+1) -> 10.893571 | N27: =IF($D27="No",$M27*1.25,($M27*1.25)+15) -> 13.616964 | O27: =IF($D27="No",$M27*1.3,($M27*1.3)+15) -> 14.161643 | P27: =IF($D27="No",$M27*1.35,($M27*1.35)+15) -> 14.706321 | Q27: =IF($D27="No",$M27*1.4,($M27*1.4)+15) -> 15.251 | R27: =IF($D27="No",$M27*1.45,($M27*1.45)+15) -> 15.795679 | S27: =MROUND(N27,0.25) -> 13.5 | T27: =MROUND(O27,0.25) -> 14.25 | U27: =MROUND(P27,0.25) -> 14.75 | V27: =MROUND(Q27,0.25) -> 15.25 | W27: =MROUND(R27,0.25) -> 15.75
A28: CARROT, STICKS (BWW)(4 X 5# CASE) | B28: CARSTBW | C28: Carrots,50# | D28: No | E28: Foodservice | F28: 4/5 NEW KRAFT | G28: 35 | H28: =VLOOKUP($C28,'Raw Cost'!$A$1:$B$484,2,FALSE)/G28 -> 0.85714286 | I28: =H28/16 -> 0.053571429 | J28: 20 | K28: 0.25 | L28: =VLOOKUP($F28,'Packaging Cost'!$A$1:$F$43,6,FALSE) -> 1.23 | M28: =IF($E28="Snakpak",(($J28*H28)+($K28*'Labor Cost'!$A$2)+L28)+2.25,($J28*H28)+($K28*'Labor Cost'!$A$2)+L28+1) -> 25.247857 | N28: =IF($D28="No",$M28*1.25,($M28*1.25)+15) -> 31.559821 | O28: =IF($D28="No",$M28*1.3,($M28*1.3)+15) -> 32.822214 | P28: =IF($D28="No",$M28*1.35,($M28*1.35)+15) -> 34.084607 | Q28: =IF($D28="No",$M28*1.4,($M28*1.4)+15) -> 35.347 | R28: =IF($D28="No",$M28*1.45,($M28*1.45)+15) -> 36.609393 | S28: =MROUND(N28,0.25) -> 31.5 | T28: =MROUND(O28,0.25) -> 32.75 | U28: =MROUND(P28,0.25) -> 34 | V28: =MROUND(Q28,0.25) -> 35.25 | W28: =MROUND(R28,0.25) -> 36.5
A29: CARROTS, COINS (2X5# CASE) | B29: CCCAR10 | C29: Carrots,50# | D29: No | E29: Foodservice | F29: 2/5 TUB | G29: 35 | H29: =VLOOKUP($C29,'Raw Cost'!$A$1:$B$484,2,FALSE)/G29 -> 0.85714286 | I29: =H29/16 -> 0.053571429 | J29: 10 | K29: 0.25 | L29: =VLOOKUP($F29,'Packaging Cost'!$A$1:$F$43,6,FALSE) -> 0.9 | M29: =IF($E29="Snakpak",(($J29*H29)+($K29*'Labor Cost'!$A$2)+L29)+2.25,($J29*H29)+($K29*'Labor Cost'!$A$2)+L29+1) -> 16.346429 | N29: =IF($D29="No",$M29*1.25,($M29*1.25)+15) -> 20.433036 | O29: =IF($D29="No",$M29*1.3,($M29*1.3)+15) -> 21.250357 | P29: =IF($D29="No",$M29*1.35,($M29*1.35)+15) -> 22.067679 | Q29: =IF($D29="No",$M29*1.4,($M29*1.4)+15) -> 22.885 | R29: =IF($D29="No",$M29*1.45,($M29*1.45)+15) -> 23.702321 | S29: =MROUND(N29,0.25) -> 20.5 | T29: =MROUND(O29,0.25) -> 21.25 | U29: =MROUND(P29,0.25) -> 22 | V29: =MROUND(Q29,0.25) -> 23 | W29: =MROUND(R29,0.25) -> 23.75
A30: CARROTS, COINS (4X5# CASE) | B30: CCCAR | C30: Carrots,50# | D30: No | E30: Foodservice | F30: 4/5 NEW KRAFT | G30: 35 | H30: =VLOOKUP($C30,'Raw Cost'!$A$1:$B$484,2,FALSE)/G30 -> 0.85714286 | I30: =H30/16 -> 0.053571429 | J30: 20 | K30: 0.25 | L30: =VLOOKUP($F30,'Packaging Cost'!$A$1:$F$43,6,FALSE) -> 1.23 | M30: =IF($E30="Snakpak",(($J30*H30)+($K30*'Labor Cost'!$A$2)+L30)+2.25,($J30*H30)+($K30*'Labor Cost'!$A$2)+L30+1) -> 25.247857 | N30: =IF($D30="No",$M30*1.25,($M30*1.25)+15) -> 31.559821 | O30: =IF($D30="No",$M30*1.3,($M30*1.3)+15) -> 32.822214 | P30: =IF($D30="No",$M30*1.35,($M30*1.35)+15) -> 34.084607 | Q30: =IF($D30="No",$M30*1.4,($M30*1.4)+15) -> 35.347 | R30: =IF($D30="No",$M30*1.45,($M30*1.45)+15) -> 36.609393 | S30: =MROUND(N30,0.25) -> 31.5 | T30: =MROUND(O30,0.25) -> 32.75 | U30: =MROUND(P30,0.25) -> 34 | V30: =MROUND(Q30,0.25) -> 35.25 | W30: =MROUND(R30,0.25) -> 36.5
A31: CARROTS, DICED (2X5# CASE) | B31: DCAR10 | C31: Carrots,50# | D31: No | E31: Foodservice | F31: 2/5 TUB | G31: 35 | H31: =VLOOKUP($C31,'Raw Cost'!$A$1:$B$484,2,FALSE)/G31 -> 0.85714286 | I31: =H31/16 -> 0.053571429 | J31: 10 | K31: 0.25 | L31: =VLOOKUP($F31,'Packaging Cost'!$A$1:$F$43,6,FALSE) -> 0.9 | M31: =IF($E31="Snakpak",(($J31*H31)+($K31*'Labor Cost'!$A$2)+L31)+2.25,($J31*H31)+($K31*'Labor Cost'!$A$2)+L31+1) -> 16.346429 | N31: =IF($D31="No",$M31*1.25,($M31*1.25)+15) -> 20.433036 | O31: =IF($D31="No",$M31*1.3,($M31*1.3)+15) -> 21.250357 | P31: =IF($D31="No",$M31*1.35,($M31*1.35)+15) -> 22.067679 | Q31: =IF($D31="No",$M31*1.4,($M31*1.4)+15) -> 22.885 | R31: =IF($D31="No",$M31*1.45,($M31*1.45)+15) -> 23.702321 | S31: =MROUND(N31,0.25) -> 20.5 | T31: =MROUND(O31,0.25) -> 21.25 | U31: =MROUND(P31,0.25) -> 22 | V31: =MROUND(Q31,0.25) -> 23 | W31: =MROUND(R31,0.25) -> 23.75
A32: CARROTS, DICED (4X5# CASE) | B32: CARD | C32: Carrots,50# | D32: No | E32: Foodservice | F32: 4/5 NEW KRAFT | G32: 35 | H32: =VLOOKUP($C32,'Raw Cost'!$A$1:$B$484,2,FALSE)/G32 -> 0.85714286 | I32: =H32/16 -> 0.053571429 | J32: 20 | K32: 0.25 | L32: =VLOOKUP($F32,'Packaging Cost'!$A$1:$F$43,6,FALSE) -> 1.23 | M32: =IF($E32="Snakpak",(($J32*H32)+($K32*'Labor Cost'!$A$2)+L32)+2.25,($J32*H32)+($K32*'Labor Cost'!$A$2)+L32+1) -> 25.247857 | N32: =IF($D32="No",$M32*1.25,($M32*1.25)+15) -> 31.559821 | O32: =IF($D32="No",$M32*1.3,($M32*1.3)+15) -> 32.822214 | P32: =IF($D32="No",$M32*1.35,($M32*1.35)+15) -> 34.084607 | Q32: =IF($D32="No",$M32*1.4,($M32*1.4)+15) -> 35.347 | R32: =IF($D32="No",$M32*1.45,($M32*1.45)+15) -> 36.609393 | S32: =MROUND(N32,0.25) -> 31.5 | T32: =MROUND(O32,0.25) -> 32.75 | U32: =MROUND(P32,0.25) -> 34 | V32: =MROUND(Q32,0.25) -> 35.25 | W32: =MROUND(R32,0.25) -> 36.5
A33: CARROTS, PEELED (4X5# CASE) | B33: PCAR | C33: Carrots,50# | D33: No | E33: Foodservice | F33: 4/5 NEW KRAFT | G33: 38 | H33: =VLOOKUP($C33,'Raw Cost'!$A$1:$B$484,2,FALSE)/G33 -> 0.78947368 | I33: =H33/16 -> 0.049342105 | J33: 20 | K33: 0.25 | L33: =VLOOKUP($F33,'Packaging Cost'!$A$1:$F$43,6,FALSE) -> 1.23 | M33: =IF($E33="Snakpak",(($J33*H33)+($K33*'Labor Cost'!$A$2)+L33)+2.25,($J33*H33)+($K33*'Labor Cost'!$A$2)+L33+1) -> 23.894474 | N33: =IF($D33="No",$M33*1.25,($M33*1.25)+15) -> 29.868092 | O33: =IF($D33="No",$M33*1.3,($M33*1.3)+15) -> 31.062816 | P33: =IF($D33="No",$M33*1.35,($M33*1.35)+15) -> 32.257539 | Q33: =IF($D33="No",$M33*1.4,($M33*1.4)+15) -> 33.452263 | R33: =IF($D33="No",$M33*1.45,($M33*1.45)+15) -> 34.646987 | S33: =MROUND(N33,0.25) -> 29.75 | T33: =MROUND(O33,0.25) -> 31 | U33: =MROUND(P33,0.25) -> 32.25 | V33: =MROUND(Q33,0.25) -> 33.5 | W33: =MROUND(R33,0.25) -> 34.75
A34: CAULIFLOWER FLORETS (4X3# CASE) | B34: CFL | C34: Cauliflower | D34: No | E34: Foodservice | F34: 4/5 NEW KRAFT | G34: 16 | H34: =VLOOKUP($C34,'Raw Cost'!$A$1:$B$484,2,FALSE)/G34 -> 2.31875 | I34: =H34/16 -> 0.14492188 | J34: 12 | K34: 0.25 | L34: =VLOOKUP($F34,'Packaging Cost'!$A$1:$F$43,6,FALSE) -> 1.23 | M34: =IF($E34="Snakpak",(($J34*H34)+($K34*'Labor Cost'!$A$2)+L34)+2.25,($J34*H34)+($K34*'Labor Cost'!$A$2)+L34+1) -> 35.93 | N34: =IF($D34="No",$M34*1.25,($M34*1.25)+15) -> 44.9125 | O34: =IF($D34="No",$M34*1.3,($M34*1.3)+15) -> 46.709 | P34: =IF($D34="No",$M34*1.35,($M34*1.35)+15) -> 48.5055 | Q34: =IF($D34="No",$M34*1.4,($M34*1.4)+15) -> 50.302 | R34: =IF($D34="No",$M34*1.45,($M34*1.45)+15) -> 52.0985 | S34: =MROUND(N34,0.25) -> 45 | T34: =MROUND(O34,0.25) -> 46.75 | U34: =MROUND(P34,0.25) -> 48.5 | V34: =MROUND(Q34,0.25) -> 50.25 | W34: =MROUND(R34,0.25) -> 52
A35: CAULIFLOWER FLORETS MULTICOLOR (4X3# CASE) | B35: CFL | C35: Cauliflower Tri Color | D35: No | E35: Foodservice | F35: 4/3 TUB | G35: 4 | H35: =VLOOKUP($C35,'Raw Cost'!$A$1:$B$484,2,FALSE)/G35 -> 11 | I35: =H35/16 -> 0.6875 | J35: 12 | K35: 0.25 | L35: =VLOOKUP($F35,'Packaging Cost'!$A$1:$F$43,6,FALSE) -> 1.15 | M35: =IF($E35="Snakpak",(($J35*H35)+($K35*'Labor Cost'!$A$2)+L35)+2.25,($J35*H35)+($K35*'Labor Cost'!$A$2)+L35+1) -> 140.025 | N35: =IF($D35="No",$M35*1.25,($M35*1.25)+15) -> 175.03125 | O35: =IF($D35="No",$M35*1.3,($M35*1.3)+15) -> 182.0325 | P35: =IF($D35="No",$M35*1.35,($M35*1.35)+15) -> 189.03375 | Q35: =IF($D35="No",$M35*1.4,($M35*1.4)+15) -> 196.035 | R35: =IF($D35="No",$M35*1.45,($M35*1.45)+15) -> 203.03625 | S35: =MROUND(N35,0.25) -> 175 | T35: =MROUND(O35,0.25) -> 182 | U35: =MROUND(P35,0.25) -> 189 | V35: =MROUND(Q35,0.25) -> 196 | W35: =MROUND(R35,0.25) -> 203
A36: CELERY STICKS (4X5# CASE) | B36: CELST | C36: Celery 30 ct | D36: No | E36: Foodservice | F36: 4/5 NEW KRAFT | G36: 32 | H36: =VLOOKUP($C36,'Raw Cost'!$A$1:$B$484,2,FALSE)/G36 -> 0.9375 | I36: =H36/16 -> 0.05859375 | J36: 20 | K36: 0.25 | L36: =VLOOKUP($F36,'Packaging Cost'!$A$1:$F$43,6,FALSE) -> 1.23 | M36: =IF($E36="Snakpak",(($J36*H36)+($K36*'Labor Cost'!$A$2)+L36)+2.25,($J36*H36)+($K36*'Labor Cost'!$A$2)+L36+2) -> 27.855 | N36: =IF($D36="No",$M36*1.25,($M36*1.25)+15) -> 34.81875 | O36: =IF($D36="No",$M36*1.3,($M36*1.3)+15) -> 36.2115 | P36: =IF($D36="No",$M36*1.35,($M36*1.35)+15) -> 37.60425 | Q36: =IF($D36="No",$M36*1.4,($M36*1.4)+15) -> 38.997 | R36: =IF($D36="No",$M36*1.45,($M36*1.45)+15) -> 40.38975 | S36: =MROUND(N36,0.25) -> 34.75 | T36: =MROUND(O36,0.25) -> 36.25 | U36: =MROUND(P36,0.25) -> 37.5 | V36: =MROUND(Q36,0.25) -> 39 | W36: =MROUND(R36,0.25) -> 40.5
A37: CELERY, DICED (2X5# CASE) | B37: CELD10 | C37: Celery 30 ct | D37: No | E37: Foodservice | F37: 2/5 TUB | G37: 32 | H37: =VLOOKUP($C37,'Raw Cost'!$A$1:$B$484,2,FALSE)/G37 -> 0.9375 | I37: =H37/16 -> 0.05859375 | J37: 10 | K37: 0.25 | L37: =VLOOKUP($F37,'Packaging Cost'!$A$1:$F$43,6,FALSE) -> 0.9 | M37: =IF($E37="Snakpak",(($J37*H37)+($K37*'Labor Cost'!$A$2)+L37)+2.25,($J37*H37)+($K37*'Labor Cost'!$A$2)+L37+1) -> 17.15 | N37: =IF($D37="No",$M37*1.25,($M37*1.25)+15) -> 21.4375 | O37: =IF($D37="No",$M37*1.3,($M37*1.3)+15) -> 22.295 | P37: =IF($D37="No",$M37*1.35,($M37*1.35)+15) -> 23.1525 | Q37: =IF($D37="No",$M37*1.4,($M37*1.4)+15) -> 24.01 | R37: =IF($D37="No",$M37*1.45,($M37*1.45)+15) -> 24.8675 | S37: =MROUND(N37,0.25) -> 21.5 | T37: =MROUND(O37,0.25) -> 22.25 | U37: =MROUND(P37,0.25) -> 23.25 | V37: =MROUND(Q37,0.25) -> 24 | W37: =MROUND(R37,0.25) -> 24.75
A38: CELERY, DICED (4X5# CASE) | B38: CELD | C38: Celery 30 ct | D38: No | E38: Foodservice | F38: 4/5 NEW KRAFT | G38: 32 | H38: =VLOOKUP($C38,'Raw Cost'!$A$1:$B$484,2,FALSE)/G38 -> 0.9375 | I38: =H38/16 -> 0.05859375 | J38: 20 | K38: 0.25 | L38: =VLOOKUP($F38,'Packaging Cost'!$A$1:$F$43,6,FALSE) -> 1.23 | M38: =IF($E38="Snakpak",(($J38*H38)+($K38*'Labor Cost'!$A$2)+L38)+2.25,($J38*H38)+($K38*'Labor Cost'!$A$2)+L38+1) -> 26.855 | N38: =IF($D38="No",$M38*1.25,($M38*1.25)+15) -> 33.56875 | O38: =IF($D38="No",$M38*1.3,($M38*1.3)+15) -> 34.9115 | P38: =IF($D38="No",$M38*1.35,($M38*1.35)+15) -> 36.25425 | Q38: =IF($D38="No",$M38*1.4,($M38*1.4)+15) -> 37.597 | R38: =IF($D38="No",$M38*1.45,($M38*1.45)+15) -> 38.93975 | S38: =MROUND(N38,0.25) -> 33.5 | T38: =MROUND(O38,0.25) -> 35 | U38: =MROUND(P38,0.25) -> 36.25 | V38: =MROUND(Q38,0.25) -> 37.5 | W38: =MROUND(R38,0.25) -> 39
A39: CELERY, ROOT DICED (2X5# CASE) | B39: CELD | C39: Celery Root | D39: No | E39: Foodservice | F39: 2/5 TUB | G39: 20 | H39: =VLOOKUP($C39,'Raw Cost'!$A$1:$B$484,2,FALSE)/G39 -> 1.7 | I39: =H39/16 -> 0.10625 | J39: 10 | K39: 0.25 | L39: =VLOOKUP($F39,'Packaging Cost'!$A$1:$F$43,6,FALSE) -> 0.9 | M39: =IF($E39="Snakpak",(($J39*H39)+($K39*'Labor Cost'!$A$2)+L39)+2.25,($J39*H39)+($K39*'Labor Cost'!$A$2)+L39+1) -> 24.775 | N39: =IF($D39="No",$M39*1.25,($M39*1.25)+15) -> 30.96875 | O39: =IF($D39="No",$M39*1.3,($M39*1.3)+15) -> 32.2075 | P39: =IF($D39="No",$M39*1.35,($M39*1.35)+15) -> 33.44625 | Q39: =IF($D39="No",$M39*1.4,($M39*1.4)+15) -> 34.685 | R39: =IF($D39="No",$M39*1.45,($M39*1.45)+15) -> 35.92375 | S39: =MROUND(N39,0.25) -> 31 | T39: =MROUND(O39,0.25) -> 32.25 | U39: =MROUND(P39,0.25) -> 33.5 | V39: =MROUND(Q39,0.25) -> 34.75 | W39: =MROUND(R39,0.25) -> 36
A40: CELERY, SLICED (2X5# CASE) | B40: CELD | C40: Celery 30 ct | D40: No | E40: Foodservice | F40: 2/5 TUB | G40: 32 | H40: =VLOOKUP($C40,'Raw Cost'!$A$1:$B$484,2,FALSE)/G40 -> 0.9375 | I40: =H40/16 -> 0.05859375 | J40: 10 | K40: 0.25 | L40: =VLOOKUP($F40,'Packaging Cost'!$A$1:$F$43,6,FALSE) -> 0.9 | M40: =IF($E40="Snakpak",(($J40*H40)+($K40*'Labor Cost'!$A$2)+L40)+2.25,($J40*H40)+($K40*'Labor Cost'!$A$2)+L40+1) -> 17.15 | N40: =IF($D40="No",$M40*1.25,($M40*1.25)+15) -> 21.4375 | O40: =IF($D40="No",$M40*1.3,($M40*1.3)+15) -> 22.295 | P40: =IF($D40="No",$M40*1.35,($M40*1.35)+15) -> 23.1525 | Q40: =IF($D40="No",$M40*1.4,($M40*1.4)+15) -> 24.01 | R40: =IF($D40="No",$M40*1.45,($M40*1.45)+15) -> 24.8675 | S40: =MROUND(N40,0.25) -> 21.5 | T40: =MROUND(O40,0.25) -> 22.25 | U40: =MROUND(P40,0.25) -> 23.25 | V40: =MROUND(Q40,0.25) -> 24 | W40: =MROUND(R40,0.25) -> 24.75
A41: CHAYOTE, SQUASH 2" MATCHSTICK (2X5# CASE) | B41: CSM | C41: Squash, Chayote | D41: No | E41: Foodservice | F41: 2/5 ONION TRAY | G41: 10 | H41: =VLOOKUP($C41,'Raw Cost'!$A$1:$B$484,2,FALSE)/G41 -> 4.4 | I41: =H41/16 -> 0.275 | J41: 10 | K41: 0.27 | L41: =VLOOKUP($F41,'Packaging Cost'!$A$1:$F$43,6,FALSE) -> 2.52 | M41: =IF($E41="Snakpak",(($J41*H41)+($K41*'Labor Cost'!$A$2)+L41)+2.25,($J41*H41)+($K41*'Labor Cost'!$A$2)+L41+1) -> 53.865 | N41: =IF($D41="No",$M41*1.25,($M41*1.25)+15) -> 67.33125 | O41: =IF($D41="No",$M41*1.3,($M41*1.3)+15) -> 70.0245 | P41: =IF($D41="No",$M41*1.35,($M41*1.35)+15) -> 72.71775 | Q41: =IF($D41="No",$M41*1.4,($M41*1.4)+15) -> 75.411 | R41: =IF($D41="No",$M41*1.45,($M41*1.45)+15) -> 78.10425 | S41: =MROUND(N41,0.25) -> 67.25 | T41: =MROUND(O41,0.25) -> 70 | U41: =MROUND(P41,0.25) -> 72.75 | V41: =MROUND(Q41,0.25) -> 75.5 | W41: =MROUND(R41,0.25) -> 78
A42: CILANTRO, CLEAN & TRIM (4X1# CASE) | B42: CIL | C42: Cilantro 60ct | D42: No | E42: Foodservice | F42: 4/3 TUB | G42: 12 | H42: =VLOOKUP($C42,'Raw Cost'!$A$1:$B$484,2,FALSE)/G42 -> 1.6666667 | I42: =H42/16 -> 0.10416667 | J42: 4 | K42: 0.27 | L42: =VLOOKUP($F42,'Packaging Cost'!$A$1:$F$43,6,FALSE) -> 1.15 | M42: =IF($E42="Snakpak",(($J42*H42)+($K42*'Labor Cost'!$A$2)+L42)+2.25,($J42*H42)+($K42*'Labor Cost'!$A$2)+L42+1) -> 15.161667 | N42: =IF($D42="No",$M42*1.25,($M42*1.25)+15) -> 18.952083 | O42: =IF($D42="No",$M42*1.3,($M42*1.3)+15) -> 19.710167 | P42: =IF($D42="No",$M42*1.35,($M42*1.35)+15) -> 20.46825 | Q42: =IF($D42="No",$M42*1.4,($M42*1.4)+15) -> 21.226333 | R42: =IF($D42="No",$M42*1.45,($M42*1.45)+15) -> 21.984417 | S42: =MROUND(N42,0.25) -> 19 | T42: =MROUND(O42,0.25) -> 19.75 | U42: =MROUND(P42,0.25) -> 20.5 | V42: =MROUND(Q42,0.25) -> 21.25 | W42: =MROUND(R42,0.25) -> 22
A43: COLESLAW, DICED (4X5# CASE) | B43: SLAWD | C43: Cabbage, Bag | D43: No | E43: Foodservice | F43: 4/5 NEW KRAFT | G43: 35 | H43: =VLOOKUP($C43,'Raw Cost'!$A$1:$B$484,2,FALSE)/G43 -> 0.48571429 | I43: =H43/16 -> 0.030357143 | J43: 20 | K43: 0.25 | L43: =VLOOKUP($F43,'Packaging Cost'!$A$1:$F$43,6,FALSE) -> 1.23 | M43: =IF($E43="Snakpak",(($J43*H43)+($K43*'Labor Cost'!$A$2)+L43)+2.25,($J43*H43)+($K43*'Labor Cost'!$A$2)+L43+1) -> 17.819286 | N43: =IF($D43="No",$M43*1.25,($M43*1.25)+15) -> 22.274107 | O43: =IF($D43="No",$M43*1.3,($M43*1.3)+15) -> 23.165071 | P43: =IF($D43="No",$M43*1.35,($M43*1.35)+15) -> 24.056036 | Q43: =IF($D43="No",$M43*1.4,($M43*1.4)+15) -> 24.947 | R43: =IF($D43="No",$M43*1.45,($M43*1.45)+15) -> 25.837964 | S43: =MROUND(N43,0.25) -> 22.25 | T43: =MROUND(O43,0.25) -> 23.25 | U43: =MROUND(P43,0.25) -> 24 | V43: =MROUND(Q43,0.25) -> 25 | W43: =MROUND(R43,0.25) -> 25.75
A44: COLESLAW, FINE SHREDDED, (4X5# CASE) | B44: SLAWF | C44: Cabbage, Bag | D44: No | E44: Foodservice | F44: 4/5 NEW KRAFT | G44: 35 | H44: =VLOOKUP($C44,'Raw Cost'!$A$1:$B$484,2,FALSE)/G44 -> 0.48571429 | I44: =H44/16 -> 0.030357143 | J44: 20 | K44: 0.25 | L44: =VLOOKUP($F44,'Packaging Cost'!$A$1:$F$43,6,FALSE) -> 1.23 | M44: =IF($E44="Snakpak",(($J44*H44)+($K44*'Labor Cost'!$A$2)+L44)+2.25,($J44*H44)+($K44*'Labor Cost'!$A$2)+L44+1) -> 17.819286 | N44: =IF($D44="No",$M44*1.25,($M44*1.25)+15) -> 22.274107 | O44: =IF($D44="No",$M44*1.3,($M44*1.3)+15) -> 23.165071 | P44: =IF($D44="No",$M44*1.35,($M44*1.35)+15) -> 24.056036 | Q44: =IF($D44="No",$M44*1.4,($M44*1.4)+15) -> 24.947 | R44: =IF($D44="No",$M44*1.45,($M44*1.45)+15) -> 25.837964 | S44: =MROUND(N44,0.25) -> 22.25 | T44: =MROUND(O44,0.25) -> 23.25 | U44: =MROUND(P44,0.25) -> 24 | V44: =MROUND(Q44,0.25) -> 25 | W44: =MROUND(R44,0.25) -> 25.75
A45: COLESLAW, SAVOY BLEND (2X5# CASE) | B45: SLAW50/50 | C45: Cabbage, Savoy | D45: No | E45: Foodservice | F45: 2/5 TUB | G45: 15 | H45: =VLOOKUP($C45,'Raw Cost'!$A$1:$B$484,2,FALSE)/G45 -> 2.9333333 | I45: =H45/16 -> 0.18333333 | J45: 10 | K45: 0.25 | L45: =VLOOKUP($F45,'Packaging Cost'!$A$1:$F$43,6,FALSE) -> 0.9 | M45: =IF($E45="Snakpak",(($J45*H45)+($K45*'Labor Cost'!$A$2)+L45)+2.25,($J45*H45)+($K45*'Labor Cost'!$A$2)+L45+1) -> 37.108333 | N45: =IF($D45="No",$M45*1.25,($M45*1.25)+15) -> 46.385417 | O45: =IF($D45="No",$M45*1.3,($M45*1.3)+15) -> 48.240833 | P45: =IF($D45="No",$M45*1.35,($M45*1.35)+15) -> 50.09625 | Q45: =IF($D45="No",$M45*1.4,($M45*1.4)+15) -> 51.951667 | R45: =IF($D45="No",$M45*1.45,($M45*1.45)+15) -> 53.807083 | S45: =MROUND(N45,0.25) -> 46.5 | T45: =MROUND(O45,0.25) -> 48.25 | U45: =MROUND(P45,0.25) -> 50 | V45: =MROUND(Q45,0.25) -> 52 | W45: =MROUND(R45,0.25) -> 53.75
A46: COLESLAW, SHREDDED MIX (4X5# CASE) | B46: SLAW | C46: Cabbage, Bag | D46: No | E46: Foodservice | F46: 4/5 NEW KRAFT | G46: 35 | H46: =VLOOKUP($C46,'Raw Cost'!$A$1:$B$484,2,FALSE)/G46 -> 0.48571429 | I46: =H46/16 -> 0.030357143 | J46: 20 | K46: 0.25 | L46: =VLOOKUP($F46,'Packaging Cost'!$A$1:$F$43,6,FALSE) -> 1.23 | M46: =IF($E46="Snakpak",(($J46*H46)+($K46*'Labor Cost'!$A$2)+L46)+2.25,($J46*H46)+($K46*'Labor Cost'!$A$2)+L46+1) -> 17.819286 | N46: =IF($D46="No",$M46*1.25,($M46*1.25)+15) -> 22.274107 | O46: =IF($D46="No",$M46*1.3,($M46*1.3)+15) -> 23.165071 | P46: =IF($D46="No",$M46*1.35,($M46*1.35)+15) -> 24.056036 | Q46: =IF($D46="No",$M46*1.4,($M46*1.4)+15) -> 24.947 | R46: =IF($D46="No",$M46*1.45,($M46*1.45)+15) -> 25.837964 | S46: =MROUND(N46,0.25) -> 22.25 | T46: =MROUND(O46,0.25) -> 23.25 | U46: =MROUND(P46,0.25) -> 24 | V46: =MROUND(Q46,0.25) -> 25 | W46: =MROUND(R46,0.25) -> 25.75
A47: COLLARDS, CLEANED/CUT (6X2# CASE) | B47: COL | C47: Collards, Dozen | D47: No | E47: Foodservice | F47: 4/5 NEW KRAFT | G47: 16 | H47: =VLOOKUP($C47,'Raw Cost'!$A$1:$B$484,2,FALSE)/G47 -> 0.9375 | I47: =H47/16 -> 0.05859375 | J47: 12 | K47: 0.27 | L47: =VLOOKUP($F47,'Packaging Cost'!$A$1:$F$43,6,FALSE) -> 1.23 | M47: =IF($E47="Snakpak",(($J47*H47)+($K47*'Labor Cost'!$A$2)+L47)+2.25,($J47*H47)+($K47*'Labor Cost'!$A$2)+L47+1) -> 19.825 | N47: =IF($D47="No",$M47*1.25,($M47*1.25)+15) -> 24.78125 | O47: =IF($D47="No",$M47*1.3,($M47*1.3)+15) -> 25.7725 | P47: =IF($D47="No",$M47*1.35,($M47*1.35)+15) -> 26.76375 | Q47: =IF($D47="No",$M47*1.4,($M47*1.4)+15) -> 27.755 | R47: =IF($D47="No",$M47*1.45,($M47*1.45)+15) -> 28.74625 | S47: =MROUND(N47,0.25) -> 24.75 | T47: =MROUND(O47,0.25) -> 25.75 | U47: =MROUND(P47,0.25) -> 26.75 | V47: =MROUND(Q47,0.25) -> 27.75 | W47: =MROUND(R47,0.25) -> 28.75
A48: CORN, SHUCKED (4 X 12) | B48: CORN | C48: Corn, Yellow | D48: No | E48: Foodservice | F48: 4/5 NEW KRAFT | G48: 1 | H48: =VLOOKUP($C48,'Raw Cost'!$A$1:$B$484,2,FALSE)/G48 -> 62 | I48: =H48/16 -> 3.875 | J48: 1 | K48: 0.35 | L48: =VLOOKUP($F48,'Packaging Cost'!$A$1:$F$43,6,FALSE) -> 1.23 | M48: =IF($E48="Snakpak",(($J48*H48)+($K48*'Labor Cost'!$A$2)+L48)+2.25,($J48*H48)+($K48*'Labor Cost'!$A$2)+L48+1) -> 72.455 | N48: =IF($D48="No",$M48*1.25,($M48*1.25)+15) -> 90.56875 | O48: =IF($D48="No",$M48*1.3,($M48*1.3)+15) -> 94.1915 | P48: =IF($D48="No",$M48*1.35,($M48*1.35)+15) -> 97.81425 | Q48: =IF($D48="No",$M48*1.4,($M48*1.4)+15) -> 101.437 | R48: =IF($D48="No",$M48*1.45,($M48*1.45)+15) -> 105.05975 | S48: =MROUND(N48,0.25) -> 90.5 | T48: =MROUND(O48,0.25) -> 94.25 | U48: =MROUND(P48,0.25) -> 97.75 | V48: =MROUND(Q48,0.25) -> 101.5 | W48: =MROUND(R48,0.25) -> 105
... A52: CUCUMBER, SLICED (2 X 5# CASE) | B52: CUKS10 | C52: Cucumber, Select | D52: No | E52: Foodservice | F52: 2/5 TUB | G52: 40 | H52: =VLOOKUP($C52,'Raw Cost'!$A$1:$B$484,2,FALSE)/G52 -> 1.3 | I52: =H52/16 -> 0.08125 | J52: 10 | K52: 0.25 | L52: =VLOOKUP($F52,'Packaging Cost'!$A$1:$F$43,6,FALSE) -> 0.9 | M52: =IF($E52="Snakpak",(($J52*H52)+($K52*'Labor Cost'!$A$2)+L52)+2.25,($J52*H52)+($K52*'Labor Cost'!$A$2)+L52+1) -> 20.775 | N52: =IF($D52="No",$M52*1.25,($M52*1.25)+15) -> 25.96875 | O52: =IF($D52="No",$M52*1.3,($M52*1.3)+15) -> 27.0075 | P52: =IF($D52="No",$M52*1.35,($M52*1.35)+15) -> 28.04625 | Q52: =IF($D52="No",$M52*1.4,($M52*1.4)+15) -> 29.085 | R52: =IF($D52="No",$M52*1.45,($M52*1.45)+15) -> 30.12375 | S52: =MROUND(N52,0.25) -> 26 | T52: =MROUND(O52,0.25) -> 27 | U52: =MROUND(P52,0.25) -> 28 | V52: =MROUND(Q52,0.25) -> 29 | W52: =MROUND(R52,0.25) -> 30
A53: CUCUMBER, WHOLE (5# CASE) | B53: CUW5 | C53: Cucumber, Select | D53: No | E53: Foodservice | F53: 5# WHOLE PRODUCE | G53: 40 | H53: =VLOOKUP($C53,'Raw Cost'!$A$1:$B$484,2,FALSE)/G53 -> 1.3 | I53: =H53/16 -> 0.08125 | J53: 5 | K53: 0.1 | L53: =VLOOKUP($F53,'Packaging Cost'!$A$1:$F$43,6,FALSE) -> 0.2 | M53: =IF($E53="Snakpak",(($J53*H53)+($K53*'Labor Cost'!$A$2)+L53)+2.25,($J53*H53)+($K53*'Labor Cost'!$A$2)+L53) -> 9.05 | N53: =IF($D53="No",$M53*1.25,($M53*1.25)+15) -> 11.3125 | O53: =IF($D53="No",$M53*1.3,($M53*1.3)+15) -> 11.765 | P53: =IF($D53="No",$M53*1.35,($M53*1.35)+15) -> 12.2175 | Q53: =IF($D53="No",$M53*1.4,($M53*1.4)+15) -> 12.67 | R53: =IF($D53="No",$M53*1.45,($M53*1.45)+15) -> 13.1225 | S53: =MROUND(N53,0.25) -> 11.25 | T53: =MROUND(O53,0.25) -> 11.75 | U53: =MROUND(P53,0.25) -> 12.25 | V53: =MROUND(Q53,0.25) -> 12.75 | W53: =MROUND(R53,0.25) -> 13
A54: FAJITA MIX, PEPPER & ONION, JULIENNE (2 X 5) (10# CASE) | B54: FMJ | C54: Pepper Mix | D54: No | E54: Foodservice | F54: 2/5 TUB | G54: 10 | H54: =VLOOKUP($C54,'Raw Cost'!$A$1:$B$484,2,FALSE)/G54 -> 2.6133333 | I54: =H54/16 -> 0.16333333 | J54: 10 | K54: 0.25 | L54: =VLOOKUP($F54,'Packaging Cost'!$A$1:$F$43,6,FALSE) -> 0.9 | M54: =IF($E54="Snakpak",(($J54*H54)+($K54*'Labor Cost'!$A$2)+L54)+2.25,($J54*H54)+($K54*'Labor Cost'!$A$2)+L54+1) -> 33.908333 | N54: =IF($D54="No",$M54*1.25,($M54*1.25)+15) -> 42.385417 | O54: =IF($D54="No",$M54*1.3,($M54*1.3)+15) -> 44.080833 | P54: =IF($D54="No",$M54*1.35,($M54*1.35)+15) -> 45.77625 | Q54: =IF($D54="No",$M54*1.4,($M54*1.4)+15) -> 47.471667 | R54: =IF($D54="No",$M54*1.45,($M54*1.45)+15) -> 49.167083 | S54: =MROUND(N54,0.25) -> 42.5 | T54: =MROUND(O54,0.25) -> 44 | U54: =MROUND(P54,0.25) -> 45.75 | V54: =MROUND(Q54,0.25) -> 47.5 | W54: =MROUND(R54,0.25) -> 49.25
A55: FRENCH FRIES (4X5# CASE) | B55: FF | C55: Potatoes, 90 ct | D55: No | E55: Foodservice | F55: POTATOES 4/5 | G55: 40 | H55: =VLOOKUP($C55,'Raw Cost'!$A$1:$B$484,2,FALSE)/G55 -> 0.5 | I55: =H55/16 -> 0.03125 | J55: 20 | K55: 0.25 | L55: =VLOOKUP($F55,'Packaging Cost'!$A$1:$F$43,6,FALSE) -> 1.85 | M55: =IF($E55="Snakpak",(($J55*H55)+($K55*'Labor Cost'!$A$2)+L55)+2.25,($J55*H55)+($K55*'Labor Cost'!$A$2)+L55+1) -> 18.725 | N55: =IF($D55="No",$M55*1.25,($M55*1.25)+15) -> 23.40625 | O55: =IF($D55="No",$M55*1.3,($M55*1.3)+15) -> 24.3425 | P55: =IF($D55="No",$M55*1.35,($M55*1.35)+15) -> 25.27875 | Q55: =IF($D55="No",$M55*1.4,($M55*1.4)+15) -> 26.215 | R55: =IF($D55="No",$M55*1.45,($M55*1.45)+15) -> 27.15125 | S55: =MROUND(N55,0.25) -> 23.5 | T55: =MROUND(O55,0.25) -> 24.25 | U55: =MROUND(P55,0.25) -> 25.25 | V55: =MROUND(Q55,0.25) -> 26.25 | W55: =MROUND(R55,0.25) -> 27.25
A56: FRUIT, MIXED (2X5# CASE) | B56: FM10 | C56: Fruit Mix | D56: No | E56: Foodservice | F56: 2/5 FRUIT TRAY | G56: 4 | H56: =VLOOKUP($C56,'Raw Cost'!$A$1:$B$484,2,FALSE)/G56 -> 1.789134 | I56: =H56/16 -> 0.11182087 | J56: 10 | K56: 0.25 | L56: =VLOOKUP($F56,'Packaging Cost'!$A$1:$F$43,6,FALSE) -> 3.22 | M56: =IF($E56="Snakpak",(($J56*H56)+($K56*'Labor Cost'!$A$2)+L56)+2.25,($J56*H56)+($K56*'Labor Cost'!$A$2)+L56+1) -> 27.98634 | N56: =IF($D56="No",$M56*1.25,($M56*1.25)+15) -> 34.982925 | O56: =IF($D56="No",$M56*1.3,($M56*1.3)+15) -> 36.382242 | P56: =IF($D56="No",$M56*1.35,($M56*1.35)+15) -> 37.781559 | Q56: =IF($D56="No",$M56*1.4,($M56*1.4)+15) -> 39.180876 | R56: =IF($D56="No",$M56*1.45,($M56*1.45)+15) -> 40.580193 | S56: =MROUND(N56,0.25) -> 35 | T56: =MROUND(O56,0.25) -> 36.5 | U56: =MROUND(P56,0.25) -> 37.75 | V56: =MROUND(Q56,0.25) -> 39.25 | W56: =MROUND(R56,0.25) -> 40.5
A57: FRUIT, MIXED (5# CASE) | B57: FM | C57: Fruit Mix | D57: No | E57: Foodservice | F57: 1/5 FRUIT TRAY | G57: 4 | H57: =VLOOKUP($C57,'Raw Cost'!$A$1:$B$484,2,FALSE)/G57 -> 1.789134 | I57: =H57/16 -> 0.11182087 | J57: 3 | K57: 0.25 | L57: 1.64 | M57: =IF($E57="Snakpak",(($J57*H57)+($K57*'Labor Cost'!$A$2)+L57)+2.25,($J57*H57)+($K57*'Labor Cost'!$A$2)+L57+1) -> 13.882402 | N57: =IF($D57="No",$M57*1.25,($M57*1.25)+15) -> 17.353002 | O57: =IF($D57="No",$M57*1.3,($M57*1.3)+15) -> 18.047123 | P57: =IF($D57="No",$M57*1.35,($M57*1.35)+15) -> 18.741243 | Q57: =IF($D57="No",$M57*1.4,($M57*1.4)+15) -> 19.435363 | R57: =IF($D57="No",$M57*1.45,($M57*1.45)+15) -> 20.129483 | S57: =MROUND(N57,0.25) -> 17.25 | T57: =MROUND(O57,0.25) -> 18 | U57: =MROUND(P57,0.25) -> 18.75 | V57: =MROUND(Q57,0.25) -> 19.5 | W57: =MROUND(R57,0.25) -> 20.25
A58: FRUIT, TRAY (5# CASE) | B58: FTRAY | C58: Fruit Mix | D58: No | E58: Foodservice | F58: PARTY TRAY | G58: 4 | H58: =VLOOKUP($C58,'Raw Cost'!$A$1:$B$484,2,FALSE)/G58 -> 1.789134 | I58: =H58/16 -> 0.11182087 | J58: 5 | K58: 0.25 | L58: =VLOOKUP($F58,'Packaging Cost'!$A$1:$F$43,6,FALSE) -> 2.1 | M58: =IF($E58="Snakpak",(($J58*H58)+($K58*'Labor Cost'!$A$2)+L58)+2.25,($J58*H58)+($K58*'Labor Cost'!$A$2)+L58+1) -> 17.92067 | N58: =IF($D58="No",$M58*1.25,($M58*1.25)+15) -> 22.400837 | O58: =IF($D58="No",$M58*1.3,($M58*1.3)+15) -> 23.296871 | P58: =IF($D58="No",$M58*1.35,($M58*1.35)+15) -> 24.192904 | Q58: =IF($D58="No",$M58*1.4,($M58*1.4)+15) -> 25.088938 | R58: =IF($D58="No",$M58*1.45,($M58*1.45)+15) -> 25.984971 | S58: =MROUND(N58,0.25) -> 22.5 | T58: =MROUND(O58,0.25) -> 23.25 | U58: =MROUND(P58,0.25) -> 24.25 | V58: =MROUND(Q58,0.25) -> 25 | W58: =MROUND(R58,0.25) -> 26
A59: GRAPEFRUIT, PEELED & SECTIONED (5# TRAY) | B59: OSL | C59: Grape Fruit | D59: No | E59: Foodservice | F59: 1/5 TUB | G59: 15 | H59: =VLOOKUP($C59,'Raw Cost'!$A$1:$B$484,2,FALSE)/G59 -> 1.9666667 | I59: =H59/16 -> 0.12291667 | J59: 5 | K59: 0.25 | L59: =VLOOKUP($F59,'Packaging Cost'!$A$1:$F$43,6,FALSE) -> 0.59 | M59: =IF($E59="Snakpak",(($J59*H59)+($K59*'Labor Cost'!$A$2)+L59)+2.25,($J59*H59)+($K59*'Labor Cost'!$A$2)+L59+1) -> 17.298333 | N59: =IF($D59="No",$M59*1.25,($M59*1.25)+15) -> 21.622917 | O59: =IF($D59="No",$M59*1.3,($M59*1.3)+15) -> 22.487833 | P59: =IF($D59="No",$M59*1.35,($M59*1.35)+15) -> 23.35275 | Q59: =IF($D59="No",$M59*1.4,($M59*1.4)+15) -> 24.217667 | R59: =IF($D59="No",$M59*1.45,($M59*1.45)+15) -> 25.082583 | S59: =MROUND(N59,0.25) -> 21.5 | T59: =MROUND(O59,0.25) -> 22.5 | U59: =MROUND(P59,0.25) -> 23.25 | V59: =MROUND(Q59,0.25) -> 24.25 | W59: =MROUND(R59,0.25) -> 25
A60: GRAPES, RED (1# CASE) | B60: GPL | C60: Grapes, Red SL | D60: No | E60: Foodservice | F60: 10X1LBS BAG | G60: 18 | H60: =VLOOKUP($C60,'Raw Cost'!$A$1:$B$484,2,FALSE)/G60 -> 2.0555556 | I60: =H60/16 -> 0.12847222 | J60: 1 | K60: 0.01 | L60: 1.39 | M60: =IF($E60="Snakpak",(($J60*H60)+($K60*'Labor Cost'!$A$2)+L60),($J60*H60)+($K60*'Labor Cost'!$A$2)+L60+1) -> 4.6805556 | N60: =IF($D60="No",$M60*1.25,($M60*1.25)+15) -> 5.8506944 | O60: =IF($D60="No",$M60*1.3,($M60*1.3)+15) -> 6.0847222 | P60: =IF($D60="No",$M60*1.35,($M60*1.35)+15) -> 6.31875 | Q60: =IF($D60="No",$M60*1.4,($M60*1.4)+15) -> 6.5527778 | R60: =IF($D60="No",$M60*1.45,($M60*1.45)+15) -> 6.7868056 | S60: =MROUND(N60,0.25) -> 5.75 | T60: =MROUND(O60,0.25) -> 6 | U60: =MROUND(P60,0.25) -> 6.25 | V60: =MROUND(Q60,0.25) -> 6.5 | W60: =MROUND(R60,0.25) -> 6.75
A61: GRAPES, RED (5# CASE) | B61: GPL | C61: Grapes, Red SL | D61: No | E61: Foodservice | F61: TOMATO BAG 4/5 | G61: 18 | H61: =VLOOKUP($C61,'Raw Cost'!$A$1:$B$484,2,FALSE)/G61 -> 2.0555556 | I61: =H61/16 -> 0.12847222 | J61: 5 | K61: 0.25 | L61: =VLOOKUP($F61,'Packaging Cost'!$A$1:$F$43,6,FALSE) -> 2.6 | M61: =IF($E61="Snakpak",(($J61*H61)+($K61*'Labor Cost'!$A$2)+L61)+2.25,($J61*H61)+($K61*'Labor Cost'!$A$2)+L61+1) -> 19.752778 | N61: =IF($D61="No",$M61*1.25,($M61*1.25)+15) -> 24.690972 | O61: =IF($D61="No",$M61*1.3,($M61*1.3)+15) -> 25.678611 | P61: =IF($D61="No",$M61*1.35,($M61*1.35)+15) -> 26.66625 | Q61: =IF($D61="No",$M61*1.4,($M61*1.4)+15) -> 27.653889 | R61: =IF($D61="No",$M61*1.45,($M61*1.45)+15) -> 28.641528 | S61: =MROUND(N61,0.25) -> 24.75 | T61: =MROUND(O61,0.25) -> 25.75 | U61: =MROUND(P61,0.25) -> 26.75 | V61: =MROUND(Q61,0.25) -> 27.75 | W61: =MROUND(R61,0.25) -> 28.75
A62: GRAPES, WHITE (5# CASE) | B62: GPL | C62: Grapes, White SL | D62: No | E62: Foodservice | F62: 1/5 FRUIT TRAY | G62: 18 | H62: =VLOOKUP($C62,'Raw Cost'!$A$1:$B$484,2,FALSE)/G62 -> 2.5 | I62: =H62/16 -> 0.15625 | J62: 5 | K62: 0.25 | L62: =VLOOKUP($F62,'Packaging Cost'!$A$1:$F$43,6,FALSE) -> 1.76 | M62: =IF($E62="Snakpak",(($J62*H62)+($K62*'Labor Cost'!$A$2)+L62)+2.25,($J62*H62)+($K62*'Labor Cost'!$A$2)+L62+1) -> 21.135 | N62: =IF($D62="No",$M62*1.25,($M62*1.25)+15) -> 26.41875 | O62: =IF($D62="No",$M62*1.3,($M62*1.3)+15) -> 27.4755 | P62: =IF($D62="No",$M62*1.35,($M62*1.35)+15) -> 28.53225 | Q62: =IF($D62="No",$M62*1.4,($M62*1.4)+15) -> 29.589 | R62: =IF($D62="No",$M62*1.45,($M62*1.45)+15) -> 30.64575 | S62: =MROUND(N62,0.25) -> 26.5 | T62: =MROUND(O62,0.25) -> 27.5 | U62: =MROUND(P62,0.25) -> 28.5 | V62: =MROUND(Q62,0.25) -> 29.5 | W62: =MROUND(R62,0.25) -> 30.75
A63: GREEN ONION, SLICED, (2X5#CASE) | B63: GRO10 | C63: Onions, Green 4x2# | D63: No | E63: Foodservice | F63: 1/5 ONION TRAY | G63: 10 | H63: =VLOOKUP($C63,'Raw Cost'!$A$1:$B$484,2,FALSE)/G63 -> 2.6 | I63: =H63/16 -> 0.1625 | J63: 2 | K63: 0.27 | L63: =VLOOKUP($F63,'Packaging Cost'!$A$1:$F$43,6,FALSE) -> 1.41 | M63: =IF($E63="Snakpak",(($J63*H63)+($K63*'Labor Cost'!$A$2)+L63)+2.25,($J63*H63)+($K63*'Labor Cost'!$A$2)+L63+1) -> 13.955 | N63: =IF($D63="No",$M63*1.25,($M63*1.25)+15) -> 17.44375 | O63: =IF($D63="No",$M63*1.3,($M63*1.3)+15) -> 18.1415 | P63: =IF($D63="No",$M63*1.35,($M63*1.35)+15) -> 18.83925 | Q63: =IF($D63="No",$M63*1.4,($M63*1.4)+15) -> 19.537 | R63: =IF($D63="No",$M63*1.45,($M63*1.45)+15) -> 20.23475 | S63: =MROUND(N63,0.25) -> 17.5 | T63: =MROUND(O63,0.25) -> 18.25 | U63: =MROUND(P63,0.25) -> 18.75 | V63: =MROUND(Q63,0.25) -> 19.5 | W63: =MROUND(R63,0.25) -> 20.25
A64: HONEYDEW, CUBED (5# CASE) | B64: HON | C64: Honeydews | D64: No | E64: Foodservice | F64: 1/5 FRUIT TRAY | G64: 15 | H64: =VLOOKUP($C64,'Raw Cost'!$A$1:$B$484,2,FALSE)/G64 -> 1.7333333 | I64: =H64/16 -> 0.10833333 | J64: 5 | K64: 0.25 | L64: =VLOOKUP($F64,'Packaging Cost'!$A$1:$F$43,6,FALSE) -> 1.76 | M64: =IF($E64="Snakpak",(($J64*H64)+($K64*'Labor Cost'!$A$2)+L64)+2.25,($J64*H64)+($K64*'Labor Cost'!$A$2)+L64+1) -> 17.301667 | N64: =IF($D64="No",$M64*1.25,($M64*1.25)+15) -> 21.627083 | O64: =IF($D64="No",$M64*1.3,($M64*1.3)+15) -> 22.492167 | P64: =IF($D64="No",$M64*1.35,($M64*1.35)+15) -> 23.35725 | Q64: =IF($D64="No",$M64*1.4,($M64*1.4)+15) -> 24.222333 | R64: =IF($D64="No",$M64*1.45,($M64*1.45)+15) -> 25.087417 | S64: =MROUND(N64,0.25) -> 21.75 | T64: =MROUND(O64,0.25) -> 22.5 | U64: =MROUND(P64,0.25) -> 23.25 | V64: =MROUND(Q64,0.25) -> 24.25 | W64: =MROUND(R64,0.25) -> 25
A65: HONEYDEW, HALVED (5# CASE) | B65: HH | C65: Honeydews | D65: No | E65: Foodservice | F65: 1/5 FRUIT TRAY | G65: 15 | H65: =VLOOKUP($C65,'Raw Cost'!$A$1:$B$484,2,FALSE)/G65 -> 1.7333333 | I65: =H65/16 -> 0.10833333 | J65: 5 | K65: 0.25 | L65: =VLOOKUP($F65,'Packaging Cost'!$A$1:$F$43,6,FALSE) -> 1.76 | M65: =IF($E65="Snakpak",(($J65*H65)+($K65*'Labor Cost'!$A$2)+L65)+2.25,($J65*H65)+($K65*'Labor Cost'!$A$2)+L65+1) -> 17.301667 | N65: =IF($D65="No",$M65*1.25,($M65*1.25)+15) -> 21.627083 | O65: =IF($D65="No",$M65*1.3,($M65*1.3)+15) -> 22.492167 | P65: =IF($D65="No",$M65*1.35,($M65*1.35)+15) -> 23.35725 | Q65: =IF($D65="No",$M65*1.4,($M65*1.4)+15) -> 24.222333 | R65: =IF($D65="No",$M65*1.45,($M65*1.45)+15) -> 25.087417 | S65: =MROUND(N65,0.25) -> 21.75 | T65: =MROUND(O65,0.25) -> 22.5 | U65: =MROUND(P65,0.25) -> 23.25 | V65: =MROUND(Q65,0.25) -> 24.25 | W65: =MROUND(R65,0.25) -> 25
A66: HONEYDEW, SLICED (2X5# CASE) | B66: HONS | C66: Honeydews | D66: No | E66: Foodservice | F66: 2/5 FRUIT TRAY | G66: 15 | H66: =VLOOKUP($C66,'Raw Cost'!$A$1:$B$484,2,FALSE)/G66 -> 1.7333333 | I66: =H66/16 -> 0.10833333 | J66: 10 | K66: 0.3 | L66: =VLOOKUP($F66,'Packaging Cost'!$A$1:$F$43,6,FALSE) -> 3.22 | M66: =IF($E66="Snakpak",(($J66*H66)+($K66*'Labor Cost'!$A$2)+L66)+2.25,($J66*H66)+($K66*'Labor Cost'!$A$2)+L66+1) -> 28.603333 | N66: =IF($D66="No",$M66*1.25,($M66*1.25)+15) -> 35.754167 | O66: =IF($D66="No",$M66*1.3,($M66*1.3)+15) -> 37.184333 | P66: =IF($D66="No",$M66*1.35,($M66*1.35)+15) -> 38.6145 | Q66: =IF($D66="No",$M66*1.4,($M66*1.4)+15) -> 40.044667 | R66: =IF($D66="No",$M66*1.45,($M66*1.45)+15) -> 41.474833 | S66: =MROUND(N66,0.25) -> 35.75 | T66: =MROUND(O66,0.25) -> 37.25 | U66: =MROUND(P66,0.25) -> 38.5 | V66: =MROUND(Q66,0.25) -> 40 | W66: =MROUND(R66,0.25) -> 41.5
A67: JALAPENO, SLICED (2X5#CASE) | B67: JS | C67: Jalapenos | D67: No | E67: Foodservice | F67: 2/5 FRUIT TRAY | G67: 25 | H67: =VLOOKUP($C67,'Raw Cost'!$A$1:$B$484,2,FALSE)/G67 -> 1.88 | I67: =H67/16 -> 0.1175 | J67: 10 | K67: 0.3 | L67: =VLOOKUP($F67,'Packaging Cost'!$A$1:$F$43,6,FALSE) -> 3.22 | M67: =IF($E67="Snakpak",(($J67*H67)+($K67*'Labor Cost'!$A$2)+L67)+2.25,($J67*H67)+($K67*'Labor Cost'!$A$2)+L67+1) -> 30.07 | N67: =IF($D67="No",$M67*1.25,($M67*1.25)+15) -> 37.5875 | O67: =IF($D67="No",$M67*1.3,($M67*1.3)+15) -> 39.091 | P67: =IF($D67="No",$M67*1.35,($M67*1.35)+15) -> 40.5945 | Q67: =IF($D67="No",$M67*1.4,($M67*1.4)+15) -> 42.098 | R67: =IF($D67="No",$M67*1.45,($M67*1.45)+15) -> 43.6015 | S67: =MROUND(N67,0.25) -> 37.5 | T67: =MROUND(O67,0.25) -> 39 | U67: =MROUND(P67,0.25) -> 40.5 | V67: =MROUND(Q67,0.25) -> 42 | W67: =MROUND(R67,0.25) -> 43.5
A68: JALAPENO, WHOLE, (5# CASE) | B68: JW5 | C68: Jalapenos | D68: No | E68: Foodservice | F68: 1/5 TUB | G68: 25 | H68: =VLOOKUP($C68,'Raw Cost'!$A$1:$B$484,2,FALSE)/G68 -> 1.88 | I68: =H68/16 -> 0.1175 | J68: 5 | K68: 0.15 | L68: =VLOOKUP($F68,'Packaging Cost'!$A$1:$F$43,6,FALSE) -> 0.59 | M68: =IF($E68="Snakpak",(($J68*H68)+($K68*'Labor Cost'!$A$2)+L68)+2.25,($J68*H68)+($K68*'Labor Cost'!$A$2)+L68+1) -> 14.515 | N68: =IF($D68="No",$M68*1.25,($M68*1.25)+15) -> 18.14375 | O68: =IF($D68="No",$M68*1.3,($M68*1.3)+15) -> 18.8695 | P68: =IF($D68="No",$M68*1.35,($M68*1.35)+15) -> 19.59525 | Q68: =IF($D68="No",$M68*1.4,($M68*1.4)+15) -> 20.321 | R68: =IF($D68="No",$M68*1.45,($M68*1.45)+15) -> 21.04675 | S68: =MROUND(N68,0.25) -> 18.25 | T68: =MROUND(O68,0.25) -> 18.75 | U68: =MROUND(P68,0.25) -> 19.5 | V68: =MROUND(Q68,0.25) -> 20.25 | W68: =MROUND(R68,0.25) -> 21
A69: JICAMA, SHRED 1/8' (2X5# CASE) | B69: JSH2/5 | C69: Jicama | D69: No | E69: Foodservice | F69: 2/5 ONION TRAY | G69: 22 | H69: =VLOOKUP($C69,'Raw Cost'!$A$1:$B$484,2,FALSE)/G69 -> 1.2272727 | I69: =H69/16 -> 0.076704545 | J69: 10 | K69: 0.27 | L69: =VLOOKUP($F69,'Packaging Cost'!$A$1:$F$43,6,FALSE) -> 2.52 | M69: =IF($E69="Snakpak",(($J69*H69)+($K69*'Labor Cost'!$A$2)+L69)+2.25,($J69*H69)+($K69*'Labor Cost'!$A$2)+L69+1) -> 22.137727 | N69: =IF($D69="No",$M69*1.25,($M69*1.25)+15) -> 27.672159 | O69: =IF($D69="No",$M69*1.3,($M69*1.3)+15) -> 28.779045 | P69: =IF($D69="No",$M69*1.35,($M69*1.35)+15) -> 29.885932 | Q69: =IF($D69="No",$M69*1.4,($M69*1.4)+15) -> 30.992818 | R69: =IF($D69="No",$M69*1.45,($M69*1.45)+15) -> 32.099705 | S69: =MROUND(N69,0.25) -> 27.75 | T69: =MROUND(O69,0.25) -> 28.75 | U69: =MROUND(P69,0.25) -> 30 | V69: =MROUND(Q69,0.25) -> 31 | W69: =MROUND(R69,0.25) -> 32
A70: JICAMA, SHRED 1/8' (5# CASE) | B70: JSH2/5 | C70: Jicama | D70: No | E70: Foodservice | F70: 1/5 ONION TRAY | G70: 22 | H70: =VLOOKUP($C70,'Raw Cost'!$A$1:$B$484,2,FALSE)/G70 -> 1.2272727 | I70: =H70/16 -> 0.076704545 | J70: 5 | K70: 0.27 | L70: =VLOOKUP($F70,'Packaging Cost'!$A$1:$F$43,6,FALSE) -> 1.41 | M70: =IF($E70="Snakpak",(($J70*H70)+($K70*'Labor Cost'!$A$2)+L70)+2.25,($J70*H70)+($K70*'Labor Cost'!$A$2)+L70+1) -> 14.891364 | N70: =IF($D70="No",$M70*1.25,($M70*1.25)+15) -> 18.614205 | O70: =IF($D70="No",$M70*1.3,($M70*1.3)+15) -> 19.358773 | P70: =IF($D70="No",$M70*1.35,($M70*1.35)+15) -> 20.103341 | Q70: =IF($D70="No",$M70*1.4,($M70*1.4)+15) -> 20.847909 | R70: =IF($D70="No",$M70*1.45,($M70*1.45)+15) -> 21.592477 | S70: =MROUND(N70,0.25) -> 18.5 | T70: =MROUND(O70,0.25) -> 19.25 | U70: =MROUND(P70,0.25) -> 20 | V70: =MROUND(Q70,0.25) -> 20.75 | W70: =MROUND(R70,0.25) -> 21.5
A71: KALE, SHREDDED (4 X 1# CASE) | B71: KAL | C71: Kale | D71: No | E71: Foodservice | F71: 4/5 NEW KRAFT | G71: 16 | H71: =VLOOKUP($C71,'Raw Cost'!$A$1:$B$484,2,FALSE)/G71 -> 1 | I71: =H71/16 -> 0.0625 | J71: 4 | K71: 0.3 | L71: =VLOOKUP($F71,'Packaging Cost'!$A$1:$F$43,6,FALSE) -> 1.23 | M71: =IF($E71="Snakpak",(($J71*H71)+($K71*'Labor Cost'!$A$2)+L71)+2.25,($J71*H71)+($K71*'Labor Cost'!$A$2)+L71+1) -> 13.28 | N71: =IF($D71="No",$M71*1.25,($M71*1.25)+15) -> 16.6 | O71: =IF($D71="No",$M71*1.3,($M71*1.3)+15) -> 17.264 | P71: =IF($D71="No",$M71*1.35,($M71*1.35)+15) -> 17.928 | Q71: =IF($D71="No",$M71*1.4,($M71*1.4)+15) -> 18.592 | R71: =IF($D71="No",$M71*1.45,($M71*1.45)+15) -> 19.256 | S71: =MROUND(N71,0.25) -> 16.5 | T71: =MROUND(O71,0.25) -> 17.25 | U71: =MROUND(P71,0.25) -> 18 | V71: =MROUND(Q71,0.25) -> 18.5 | W71: =MROUND(R71,0.25) -> 19.25
A72: KIWI, PEELED & SLICED (5# CASE) | B72: KI5 | C72: Kiwi, Bulk | D72: No | E72: Foodservice | F72: 1/5 FRUIT TRAY | G72: 15 | H72: =VLOOKUP($C72,'Raw Cost'!$A$1:$B$484,2,FALSE)/G72 -> 2.8 | I72: =H72/16 -> 0.175 | J72: 5 | K72: 0.3 | L72: =VLOOKUP($F72,'Packaging Cost'!$A$1:$F$43,6,FALSE) -> 1.76 | M72: =IF($E72="Snakpak",(($J72*H72)+($K72*'Labor Cost'!$A$2)+L72)+2.25,($J72*H72)+($K72*'Labor Cost'!$A$2)+L72+1) -> 23.81 | N72: =IF($D72="No",$M72*1.25,($M72*1.25)+15) -> 29.7625 | O72: =IF($D72="No",$M72*1.3,($M72*1.3)+15) -> 30.953 | P72: =IF($D72="No",$M72*1.35,($M72*1.35)+15) -> 32.1435 | Q72: =IF($D72="No",$M72*1.4,($M72*1.4)+15) -> 33.334 | R72: =IF($D72="No",$M72*1.45,($M72*1.45)+15) -> 34.5245 | S72: =MROUND(N72,0.25) -> 29.75 | T72: =MROUND(O72,0.25) -> 31 | U72: =MROUND(P72,0.25) -> 32.25 | V72: =MROUND(Q72,0.25) -> 33.25 | W72: =MROUND(R72,0.25) -> 34.5
... A86: ONIONS, RED SLICED (20# CASE) | B86: RONSL | C86: Onions, Red 25# | D86: No | E86: Foodservice | F86: 4/5 NEW KRAFT | G86: 18 | H86: =VLOOKUP($C86,'Raw Cost'!$A$1:$B$484,2,FALSE)/G86 -> 0.94444444 | I86: =H86/16 -> 0.059027778 | J86: 20 | K86: 0.3 | L86: =VLOOKUP($F86,'Packaging Cost'!$A$1:$F$43,6,FALSE) -> 1.23 | M86: =IF($E86="Snakpak",(($J86*H86)+($K86*'Labor Cost'!$A$2)+L86)+2.25,($J86*H86)+($K86*'Labor Cost'!$A$2)+L86+1) -> 28.168889 | N86: =IF($D86="No",$M86*1.25,($M86*1.25)+15) -> 35.211111 | O86: =IF($D86="No",$M86*1.3,($M86*1.3)+15) -> 36.619556 | P86: =IF($D86="No",$M86*1.35,($M86*1.35)+15) -> 38.028 | Q86: =IF($D86="No",$M86*1.4,($M86*1.4)+15) -> 39.436444 | R86: =IF($D86="No",$M86*1.45,($M86*1.45)+15) -> 40.844889 | S86: =MROUND(N86,0.25) -> 35.25 | T86: =MROUND(O86,0.25) -> 36.5 | U86: =MROUND(P86,0.25) -> 38 | V86: =MROUND(Q86,0.25) -> 39.5 | W86: =MROUND(R86,0.25) -> 40.75
A87: ONIONS, RED WHOLE (5# CASE) | B87: ROW5 | C87: Onions, Red 25# | D87: No | E87: Foodservice | F87: 5# WHOLE PRODUCE | G87: 25 | H87: =VLOOKUP($C87,'Raw Cost'!$A$1:$B$484,2,FALSE)/G87 -> 0.68 | I87: =H87/16 -> 0.0425 | J87: 5 | K87: 0.1 | L87: =VLOOKUP($F87,'Packaging Cost'!$A$1:$F$43,6,FALSE) -> 0.2 | M87: =IF($E87="Snakpak",(($J87*H87)+($K87*'Labor Cost'!$A$2)+L87)+2.25,($J87*H87)+($K87*'Labor Cost'!$A$2)+L87) -> 5.95 | N87: =IF($D87="No",$M87*1.25,($M87*1.25)+15) -> 7.4375 | O87: =IF($D87="No",$M87*1.3,($M87*1.3)+15) -> 7.735 | P87: =IF($D87="No",$M87*1.35,($M87*1.35)+15) -> 8.0325 | Q87: =IF($D87="No",$M87*1.4,($M87*1.4)+15) -> 8.33 | R87: =IF($D87="No",$M87*1.45,($M87*1.45)+15) -> 8.6275 | S87: =MROUND(N87,0.25) -> 7.5 | T87: =MROUND(O87,0.25) -> 7.75 | U87: =MROUND(P87,0.25) -> 8 | V87: =MROUND(Q87,0.25) -> 8.25 | W87: =MROUND(R87,0.25) -> 8.75
A88: ONIONS, SLICED, (5# TUB) | B88: YONT | C88: Onions, Yellow 50# | D88: No | E88: Foodservice | F88: 1/5 TUB | G88: 32 | H88: =VLOOKUP($C88,'Raw Cost'!$A$1:$B$484,2,FALSE)/G88 -> 0.4375 | I88: =H88/16 -> 0.02734375 | J88: 5 | K88: 0.25 | L88: =VLOOKUP($F88,'Packaging Cost'!$A$1:$F$43,6,FALSE) -> 0.59 | M88: =IF($E88="Snakpak",(($J88*H88)+($K88*'Labor Cost'!$A$2)+L88)+2.25,($J88*H88)+($K88*'Labor Cost'!$A$2)+L88+1) -> 9.6525 | N88: =IF($D88="No",$M88*1.25,($M88*1.25)+15) -> 12.065625 | O88: =IF($D88="No",$M88*1.3,($M88*1.3)+15) -> 12.54825 | P88: =IF($D88="No",$M88*1.35,($M88*1.35)+15) -> 13.030875 | Q88: =IF($D88="No",$M88*1.4,($M88*1.4)+15) -> 13.5135 | R88: =IF($D88="No",$M88*1.45,($M88*1.45)+15) -> 13.996125 | S88: =MROUND(N88,0.25) -> 12 | T88: =MROUND(O88,0.25) -> 12.5 | U88: =MROUND(P88,0.25) -> 13 | V88: =MROUND(Q88,0.25) -> 13.5 | W88: =MROUND(R88,0.25) -> 14
A89: ONIONS, SWEET DICED (20# CASE) | B89: YOND | C89: Onions, Sweet | D89: No | E89: Foodservice | F89: 4/5 NEW KRAFT | G89: 29 | H89: =VLOOKUP($C89,'Raw Cost'!$A$1:$B$484,2,FALSE)/G89 -> 1.0344828 | I89: =H89/16 -> 0.064655172 | J89: 20 | K89: 0.25 | L89: =VLOOKUP($F89,'Packaging Cost'!$A$1:$F$43,6,FALSE) -> 1.23 | M89: =IF($E89="Snakpak",(($J89*H89)+($K89*'Labor Cost'!$A$2)+L89)+2.25,($J89*H89)+($K89*'Labor Cost'!$A$2)+L89+1) -> 28.794655 | N89: =IF($D89="No",$M89*1.25,($M89*1.25)+15) -> 35.993319 | O89: =IF($D89="No",$M89*1.3,($M89*1.3)+15) -> 37.433052 | P89: =IF($D89="No",$M89*1.35,($M89*1.35)+15) -> 38.872784 | Q89: =IF($D89="No",$M89*1.4,($M89*1.4)+15) -> 40.312517 | R89: =IF($D89="No",$M89*1.45,($M89*1.45)+15) -> 41.75225 | S89: =MROUND(N89,0.25) -> 36 | T89: =MROUND(O89,0.25) -> 37.5 | U89: =MROUND(P89,0.25) -> 38.75 | V89: =MROUND(Q89,0.25) -> 40.25 | W89: =MROUND(R89,0.25) -> 41.75
A90: ONIONS, YELLOW DICED (10# CASE) | B90: YOND10 | C90: Onions, Yellow 50# | D90: No | E90: Foodservice | F90: 2/5 TUB | G90: 32 | H90: =VLOOKUP($C90,'Raw Cost'!$A$1:$B$484,2,FALSE)/G90 -> 0.4375 | I90: =H90/16 -> 0.02734375 | J90: 10 | K90: 0.25 | L90: =VLOOKUP($F90,'Packaging Cost'!$A$1:$F$43,6,FALSE) -> 0.9 | M90: =IF($E90="Snakpak",(($J90*H90)+($K90*'Labor Cost'!$A$2)+L90)+2.25,($J90*H90)+($K90*'Labor Cost'!$A$2)+L90+1) -> 12.15 | N90: =IF($D90="No",$M90*1.25,($M90*1.25)+15) -> 15.1875 | O90: =IF($D90="No",$M90*1.3,($M90*1.3)+15) -> 15.795 | P90: =IF($D90="No",$M90*1.35,($M90*1.35)+15) -> 16.4025 | Q90: =IF($D90="No",$M90*1.4,($M90*1.4)+15) -> 17.01 | R90: =IF($D90="No",$M90*1.45,($M90*1.45)+15) -> 17.6175 | S90: =MROUND(N90,0.25) -> 15.25 | T90: =MROUND(O90,0.25) -> 15.75 | U90: =MROUND(P90,0.25) -> 16.5 | V90: =MROUND(Q90,0.25) -> 17 | W90: =MROUND(R90,0.25) -> 17.5
A91: ONIONS, YELLOW DICED (20# CASE) | B91: YOND | C91: Onions, Yellow 50# | D91: No | E91: Foodservice | F91: 4/5 NEW KRAFT | G91: 32 | H91: =VLOOKUP($C91,'Raw Cost'!$A$1:$B$484,2,FALSE)/G91 -> 0.4375 | I91: =H91/16 -> 0.02734375 | J91: 20 | K91: 0.25 | L91: =VLOOKUP($F91,'Packaging Cost'!$A$1:$F$43,6,FALSE) -> 1.23 | M91: =IF($E91="Snakpak",(($J91*H91)+($K91*'Labor Cost'!$A$2)+L91)+2.25,($J91*H91)+($K91*'Labor Cost'!$A$2)+L91+1) -> 16.855 | N91: =IF($D91="No",$M91*1.25,($M91*1.25)+15) -> 21.06875 | O91: =IF($D91="No",$M91*1.3,($M91*1.3)+15) -> 21.9115 | P91: =IF($D91="No",$M91*1.35,($M91*1.35)+15) -> 22.75425 | Q91: =IF($D91="No",$M91*1.4,($M91*1.4)+15) -> 23.597 | R91: =IF($D91="No",$M91*1.45,($M91*1.45)+15) -> 24.43975 | S91: =MROUND(N91,0.25) -> 21 | T91: =MROUND(O91,0.25) -> 22 | U91: =MROUND(P91,0.25) -> 22.75 | V91: =MROUND(Q91,0.25) -> 23.5 | W91: =MROUND(R91,0.25) -> 24.5
A92: ONIONS, YELLOW JULIENNE (10# CASE) | B92: YONJ10 | C92: Onions, Yellow 50# | D92: No | E92: Foodservice | F92: 2/5 TUB | G92: 32 | H92: =VLOOKUP($C92,'Raw Cost'!$A$1:$B$484,2,FALSE)/G92 -> 0.4375 | I92: =H92/16 -> 0.02734375 | J92: 10 | K92: 0.25 | L92: =VLOOKUP($F92,'Packaging Cost'!$A$1:$F$43,6,FALSE) -> 0.9 | M92: =IF($E92="Snakpak",(($J92*H92)+($K92*'Labor Cost'!$A$2)+L92)+2.25,($J92*H92)+($K92*'Labor Cost'!$A$2)+L92+1) -> 12.15 | N92: =IF($D92="No",$M92*1.25,($M92*1.25)+15) -> 15.1875 | O92: =IF($D92="No",$M92*1.3,($M92*1.3)+15) -> 15.795 | P92: =IF($D92="No",$M92*1.35,($M92*1.35)+15) -> 16.4025 | Q92: =IF($D92="No",$M92*1.4,($M92*1.4)+15) -> 17.01 | R92: =IF($D92="No",$M92*1.45,($M92*1.45)+15) -> 17.6175 | S92: =MROUND(N92,0.25) -> 15.25 | T92: =MROUND(O92,0.25) -> 15.75 | U92: =MROUND(P92,0.25) -> 16.5 | V92: =MROUND(Q92,0.25) -> 17 | W92: =MROUND(R92,0.25) -> 17.5
A93: ONIONS, YELLOW JULIENNE (20# CASE) | B93: YONJ | C93: Onions, Yellow 50# | D93: No | E93: Foodservice | F93: 4/5 NEW KRAFT | G93: 32 | H93: =VLOOKUP($C93,'Raw Cost'!$A$1:$B$484,2,FALSE)/G93 -> 0.4375 | I93: =H93/16 -> 0.02734375 | J93: 20 | K93: 0.25 | L93: =VLOOKUP($F93,'Packaging Cost'!$A$1:$F$43,6,FALSE) -> 1.23 | M93: =IF($E93="Snakpak",(($J93*H93)+($K93*'Labor Cost'!$A$2)+L93)+2.25,($J93*H93)+($K93*'Labor Cost'!$A$2)+L93+1) -> 16.855 | N93: =IF($D93="No",$M93*1.25,($M93*1.25)+15) -> 21.06875 | O93: =IF($D93="No",$M93*1.3,($M93*1.3)+15) -> 21.9115 | P93: =IF($D93="No",$M93*1.35,($M93*1.35)+15) -> 22.75425 | Q93: =IF($D93="No",$M93*1.4,($M93*1.4)+15) -> 23.597 | R93: =IF($D93="No",$M93*1.45,($M93*1.45)+15) -> 24.43975 | S93: =MROUND(N93,0.25) -> 21 | T93: =MROUND(O93,0.25) -> 22 | U93: =MROUND(P93,0.25) -> 22.75 | V93: =MROUND(Q93,0.25) -> 23.5 | W93: =MROUND(R93,0.25) -> 24.5
A94: ONIONS, YELLOW PEELED (20# CASE) | B94: YONP | C94: Onions, Yellow 50# | D94: No | E94: Foodservice | F94: 4/5 NEW KRAFT | G94: 32 | H94: =VLOOKUP($C94,'Raw Cost'!$A$1:$B$484,2,FALSE)/G94 -> 0.4375 | I94: =H94/16 -> 0.02734375 | J94: 20 | K94: 0.25 | L94: =VLOOKUP($F94,'Packaging Cost'!$A$1:$F$43,6,FALSE) -> 1.23 | M94: =IF($E94="Snakpak",(($J94*H94)+($K94*'Labor Cost'!$A$2)+L94)+2.25,($J94*H94)+($K94*'Labor Cost'!$A$2)+L94+1) -> 16.855 | N94: =IF($D94="No",$M94*1.25,($M94*1.25)+15) -> 21.06875 | O94: =IF($D94="No",$M94*1.3,($M94*1.3)+15) -> 21.9115 | P94: =IF($D94="No",$M94*1.35,($M94*1.35)+15) -> 22.75425 | Q94: =IF($D94="No",$M94*1.4,($M94*1.4)+15) -> 23.597 | R94: =IF($D94="No",$M94*1.45,($M94*1.45)+15) -> 24.43975 | S94: =MROUND(N94,0.25) -> 21 | T94: =MROUND(O94,0.25) -> 22 | U94: =MROUND(P94,0.25) -> 22.75 | V94: =MROUND(Q94,0.25) -> 23.5 | W94: =MROUND(R94,0.25) -> 24.5
A95: ONIONS, YELLOW SLICED (10# CASE) | B95: YONSL10 | C95: Onions, Yellow 50# | D95: No | E95: Foodservice | F95: 2/5 TUB | G95: 32 | H95: =VLOOKUP($C95,'Raw Cost'!$A$1:$B$484,2,FALSE)/G95 -> 0.4375 | I95: =H95/16 -> 0.02734375 | J95: 10 | K95: 0.25 | L95: =VLOOKUP($F95,'Packaging Cost'!$A$1:$F$43,6,FALSE) -> 0.9 | M95: =IF($E95="Snakpak",(($J95*H95)+($K95*'Labor Cost'!$A$2)+L95)+2.25,($J95*H95)+($K95*'Labor Cost'!$A$2)+L95+1) -> 12.15 | N95: =IF($D95="No",$M95*1.25,($M95*1.25)+15) -> 15.1875 | O95: =IF($D95="No",$M95*1.3,($M95*1.3)+15) -> 15.795 | P95: =IF($D95="No",$M95*1.35,($M95*1.35)+15) -> 16.4025 | Q95: =IF($D95="No",$M95*1.4,($M95*1.4)+15) -> 17.01 | R95: =IF($D95="No",$M95*1.45,($M95*1.45)+15) -> 17.6175 | S95: =MROUND(N95,0.25) -> 15.25 | T95: =MROUND(O95,0.25) -> 15.75 | U95: =MROUND(P95,0.25) -> 16.5 | V95: =MROUND(Q95,0.25) -> 17 | W95: =MROUND(R95,0.25) -> 17.5
A96: ONIONS, YELLOW SLICED (20# CASE) | B96: YONSL | C96: Onions, Yellow 50# | D96: No | E96: Foodservice | F96: 4/5 NEW KRAFT | G96: 32 | H96: =VLOOKUP($C96,'Raw Cost'!$A$1:$B$484,2,FALSE)/G96 -> 0.4375 | I96: =H96/16 -> 0.02734375 | J96: 20 | K96: 0.25 | L96: =VLOOKUP($F96,'Packaging Cost'!$A$1:$F$43,6,FALSE) -> 1.23 | M96: =IF($E96="Snakpak",(($J96*H96)+($K96*'Labor Cost'!$A$2)+L96)+2.25,($J96*H96)+($K96*'Labor Cost'!$A$2)+L96+1) -> 16.855 | N96: =IF($D96="No",$M96*1.25,($M96*1.25)+15) -> 21.06875 | O96: =IF($D96="No",$M96*1.3,($M96*1.3)+15) -> 21.9115 | P96: =IF($D96="No",$M96*1.35,($M96*1.35)+15) -> 22.75425 | Q96: =IF($D96="No",$M96*1.4,($M96*1.4)+15) -> 23.597 | R96: =IF($D96="No",$M96*1.45,($M96*1.45)+15) -> 24.43975 | S96: =MROUND(N96,0.25) -> 21 | T96: =MROUND(O96,0.25) -> 22 | U96: =MROUND(P96,0.25) -> 22.75 | V96: =MROUND(Q96,0.25) -> 23.5 | W96: =MROUND(R96,0.25) -> 24.5
A97: ONIONS, YELLOW THIN SLICED (5# CASE) | B97: LYONT | C97: Onions, Yellow 50# | D97: No | E97: Foodservice | F97: 1/5 ONION TRAY | G97: 32 | H97: =VLOOKUP($C97,'Raw Cost'!$A$1:$B$484,2,FALSE)/G97 -> 0.4375 | I97: =H97/16 -> 0.02734375 | J97: 5 | K97: 0.12 | L97: =VLOOKUP($F97,'Packaging Cost'!$A$1:$F$43,6,FALSE) -> 1.41 | M97: =IF($E97="Snakpak",(($J97*H97)+($K97*'Labor Cost'!$A$2)+L97)+2.25,($J97*H97)+($K97*'Labor Cost'!$A$2)+L97+1) -> 7.4175 | N97: =IF($D97="No",$M97*1.25,($M97*1.25)+15) -> 9.271875 | O97: =IF($D97="No",$M97*1.3,($M97*1.3)+15) -> 9.64275 | P97: =IF($D97="No",$M97*1.35,($M97*1.35)+15) -> 10.013625 | Q97: =IF($D97="No",$M97*1.4,($M97*1.4)+15) -> 10.3845 | R97: =IF($D97="No",$M97*1.45,($M97*1.45)+15) -> 10.755375 | S97: =MROUND(N97,0.25) -> 9.25 | T97: =MROUND(O97,0.25) -> 9.75 | U97: =MROUND(P97,0.25) -> 10 | V97: =MROUND(Q97,0.25) -> 10.5 | W97: =MROUND(R97,0.25) -> 10.75
A98: ONIONS, YELLOW WHOLE (5# CASE) | B98: YOW5 | C98: Onions, Yellow 50# | D98: No | E98: Foodservice | F98: 5# WHOLE PRODUCE | G98: 50 | H98: =VLOOKUP($C98,'Raw Cost'!$A$1:$B$484,2,FALSE)/G98 -> 0.28 | I98: =H98/16 -> 0.0175 | J98: 5 | K98: 0.1 | L98: =VLOOKUP($F98,'Packaging Cost'!$A$1:$F$43,6,FALSE) -> 0.2 | M98: =IF($E98="Snakpak",(($J98*H98)+($K98*'Labor Cost'!$A$2)+L98)+2.25,($J98*H98)+($K98*'Labor Cost'!$A$2)+L98) -> 3.95 | N98: =IF($D98="No",$M98*1.25,($M98*1.25)+15) -> 4.9375 | O98: =IF($D98="No",$M98*1.3,($M98*1.3)+15) -> 5.135 | P98: =IF($D98="No",$M98*1.35,($M98*1.35)+15) -> 5.3325 | Q98: =IF($D98="No",$M98*1.4,($M98*1.4)+15) -> 5.53 | R98: =IF($D98="No",$M98*1.45,($M98*1.45)+15) -> 5.7275 | S98: =MROUND(N98,0.25) -> 5 | T98: =MROUND(O98,0.25) -> 5.25 | U98: =MROUND(P98,0.25) -> 5.25 | V98: =MROUND(Q98,0.25) -> 5.5 | W98: =MROUND(R98,0.25) -> 5.75
A99: ORANGE PEELED & SECTIONED , (5# TRAY) | B99: OSL | C99: Oranges, 113 ct | D99: No | E99: Foodservice | F99: 1/5 TUB | G99: 15 | H99: =VLOOKUP($C99,'Raw Cost'!$A$1:$B$484,2,FALSE)/G99 -> 2.6666667 | I99: =H99/16 -> 0.16666667 | J99: 5 | K99: 0.25 | L99: =VLOOKUP($F99,'Packaging Cost'!$A$1:$F$43,6,FALSE) -> 0.59 | M99: =IF($E99="Snakpak",(($J99*H99)+($K99*'Labor Cost'!$A$2)+L99)+2.25,($J99*H99)+($K99*'Labor Cost'!$A$2)+L99+1) -> 20.798333 | N99: =IF($D99="No",$M99*1.25,($M99*1.25)+15) -> 25.997917 | O99: =IF($D99="No",$M99*1.3,($M99*1.3)+15) -> 27.037833 | P99: =IF($D99="No",$M99*1.35,($M99*1.35)+15) -> 28.07775 | Q99: =IF($D99="No",$M99*1.4,($M99*1.4)+15) -> 29.117667 | R99: =IF($D99="No",$M99*1.45,($M99*1.45)+15) -> 30.157583 | S99: =MROUND(N99,0.25) -> 26 | T99: =MROUND(O99,0.25) -> 27 | U99: =MROUND(P99,0.25) -> 28 | V99: =MROUND(Q99,0.25) -> 29 | W99: =MROUND(R99,0.25) -> 30.25
A100: ORANGE SLICES, (2 X 5# TRAY) | B100: OSL | C100: Oranges, 113 ct | D100: No | E100: Foodservice | F100: 2/5 FRUIT TRAY | G100: 29 | H100: =VLOOKUP($C100,'Raw Cost'!$A$1:$B$484,2,FALSE)/G100 -> 1.3793103 | I100: =H100/16 -> 0.086206897 | J100: 5 | K100: 0.25 | L100: =VLOOKUP($F100,'Packaging Cost'!$A$1:$F$43,6,FALSE) -> 3.22 | M100: =IF($E100="Snakpak",(($J100*H100)+($K100*'Labor Cost'!$A$2)+L100)+2.25,($J100*H100)+($K100*'Labor Cost'!$A$2)+L100+1) -> 16.991552 | N100: =IF($D100="No",$M100*1.25,($M100*1.25)+15) -> 21.23944 | O100: =IF($D100="No",$M100*1.3,($M100*1.3)+15) -> 22.089017 | P100: =IF($D100="No",$M100*1.35,($M100*1.35)+15) -> 22.938595 | Q100: =IF($D100="No",$M100*1.4,($M100*1.4)+15) -> 23.788172 | R100: =IF($D100="No",$M100*1.45,($M100*1.45)+15) -> 24.63775 | S100: =MROUND(N100,0.25) -> 21.25 | T100: =MROUND(O100,0.25) -> 22 | U100: =MROUND(P100,0.25) -> 23 | V100: =MROUND(Q100,0.25) -> 23.75 | W100: =MROUND(R100,0.25) -> 24.75
A101: PARSNIP, COIN CUT, (2 X 5# CASE) | B101: PARS | C101: Parsnips, 25# | D101: No | E101: Foodservice | F101: 2/5 TUB | G101: 20 | H101: =VLOOKUP($C101,'Raw Cost'!$A$1:$B$484,2,FALSE)/G101 -> 1.9 | I101: =H101/16 -> 0.11875 | J101: 10 | K101: 0.3 | L101: =VLOOKUP($F101,'Packaging Cost'!$A$1:$F$43,6,FALSE) -> 0.9 | M101: =IF($E101="Snakpak",(($J101*H101)+($K101*'Labor Cost'!$A$2)+L101)+2.25,($J101*H101)+($K101*'Labor Cost'!$A$2)+L101+1) -> 27.95 | N101: =IF($D101="No",$M101*1.25,($M101*1.25)+15) -> 34.9375 | O101: =IF($D101="No",$M101*1.3,($M101*1.3)+15) -> 36.335 | P101: =IF($D101="No",$M101*1.35,($M101*1.35)+15) -> 37.7325 | Q101: =IF($D101="No",$M101*1.4,($M101*1.4)+15) -> 39.13 | R101: =IF($D101="No",$M101*1.45,($M101*1.45)+15) -> 40.5275 | S101: =MROUND(N101,0.25) -> 35 | T101: =MROUND(O101,0.25) -> 36.25 | U101: =MROUND(P101,0.25) -> 37.75 | V101: =MROUND(Q101,0.25) -> 39.25 | W101: =MROUND(R101,0.25) -> 40.5
A102: PARSNIP, PEEL & DICED (10# CASE) | B102: PARD | C102: Parsnips, 25# | D102: No | E102: Foodservice | F102: 2/5 TUB | G102: 20 | H102: =VLOOKUP($C102,'Raw Cost'!$A$1:$B$484,2,FALSE)/G102 -> 1.9 | I102: =H102/16 -> 0.11875 | J102: 10 | K102: 0.25 | L102: =VLOOKUP($F102,'Packaging Cost'!$A$1:$F$43,6,FALSE) -> 0.9 | M102: =IF($E102="Snakpak",(($J102*H102)+($K102*'Labor Cost'!$A$2)+L102)+2.25,($J102*H102)+($K102*'Labor Cost'!$A$2)+L102+1) -> 26.775 | N102: =IF($D102="No",$M102*1.25,($M102*1.25)+15) -> 33.46875 | O102: =IF($D102="No",$M102*1.3,($M102*1.3)+15) -> 34.8075 | P102: =IF($D102="No",$M102*1.35,($M102*1.35)+15) -> 36.14625 | Q102: =IF($D102="No",$M102*1.4,($M102*1.4)+15) -> 37.485 | R102: =IF($D102="No",$M102*1.45,($M102*1.45)+15) -> 38.82375 | S102: =MROUND(N102,0.25) -> 33.5 | T102: =MROUND(O102,0.25) -> 34.75 | U102: =MROUND(P102,0.25) -> 36.25 | V102: =MROUND(Q102,0.25) -> 37.5 | W102: =MROUND(R102,0.25) -> 38.75
A103: PEPPER, DICED YELLOW(5# CASE) | B103: DYP | C103: Peppers, Yellow | D103: No | E103: Foodservice | F103: 1/5 TUB | G103: 15 | H103: =VLOOKUP($C103,'Raw Cost'!$A$1:$B$484,2,FALSE)/G103 -> 2.6 | I103: =H103/16 -> 0.1625 | J103: 5 | K103: 0.25 | L103: =VLOOKUP($F103,'Packaging Cost'!$A$1:$F$43,6,FALSE) -> 0.59 | M103: =IF($E103="Snakpak",(($J103*H103)+($K103*'Labor Cost'!$A$2)+L103)+2.25,($J103*H103)+($K103*'Labor Cost'!$A$2)+L103+1) -> 20.465 | N103: =IF($D103="No",$M103*1.25,($M103*1.25)+15) -> 25.58125 | O103: =IF($D103="No",$M103*1.3,($M103*1.3)+15) -> 26.6045 | P103: =IF($D103="No",$M103*1.35,($M103*1.35)+15) -> 27.62775 | Q103: =IF($D103="No",$M103*1.4,($M103*1.4)+15) -> 28.651 | R103: =IF($D103="No",$M103*1.45,($M103*1.45)+15) -> 29.67425 | S103: =MROUND(N103,0.25) -> 25.5 | T103: =MROUND(O103,0.25) -> 26.5 | U103: =MROUND(P103,0.25) -> 27.75 | V103: =MROUND(Q103,0.25) -> 28.75 | W103: =MROUND(R103,0.25) -> 29.75
A104: PEPPER, GREEN DICED (5# TRAY) | B104: DP5 | C104: Peppers, Green | D104: No | E104: Foodservice | F104: 1/5 FRUIT TRAY | G104: 17 | H104: =VLOOKUP($C104,'Raw Cost'!$A$1:$B$484,2,FALSE)/G104 -> 2.7058824 | I104: =H104/16 -> 0.16911765 | J104: 5 | K104: 0.25 | L104: =VLOOKUP($F104,'Packaging Cost'!$A$1:$F$43,6,FALSE) -> 1.76 | M104: =IF($E104="Snakpak",(($J104*H104)+($K104*'Labor Cost'!$A$2)+L104)+2.25,($J104*H104)+($K104*'Labor Cost'!$A$2)+L104+1) -> 22.164412 | N104: =IF($D104="No",$M104*1.25,($M104*1.25)+15) -> 27.705515 | O104: =IF($D104="No",$M104*1.3,($M104*1.3)+15) -> 28.813735 | P104: =IF($D104="No",$M104*1.35,($M104*1.35)+15) -> 29.921956 | Q104: =IF($D104="No",$M104*1.4,($M104*1.4)+15) -> 31.030176 | R104: =IF($D104="No",$M104*1.45,($M104*1.45)+15) -> 32.138397 | S104: =MROUND(N104,0.25) -> 27.75 | T104: =MROUND(O104,0.25) -> 28.75 | U104: =MROUND(P104,0.25) -> 30 | V104: =MROUND(Q104,0.25) -> 31 | W104: =MROUND(R104,0.25) -> 32.25
A105: PEPPER, GREEN JULIENNE, (10# TRAY) | B105: JP10 | C105: Peppers, Green | D105: No | E105: Foodservice | F105: 2/5 FRUIT TRAY | G105: 17 | H105: =VLOOKUP($C105,'Raw Cost'!$A$1:$B$484,2,FALSE)/G105 -> 2.7058824 | I105: =H105/16 -> 0.16911765 | J105: 10 | K105: 0.27 | L105: =VLOOKUP($F105,'Packaging Cost'!$A$1:$F$43,6,FALSE) -> 3.22 | M105: =IF($E105="Snakpak",(($J105*H105)+($K105*'Labor Cost'!$A$2)+L105)+2.25,($J105*H105)+($K105*'Labor Cost'!$A$2)+L105+1) -> 37.623824 | N105: =IF($D105="No",$M105*1.25,($M105*1.25)+15) -> 47.029779 | O105: =IF($D105="No",$M105*1.3,($M105*1.3)+15) -> 48.910971 | P105: =IF($D105="No",$M105*1.35,($M105*1.35)+15) -> 50.792162 | Q105: =IF($D105="No",$M105*1.4,($M105*1.4)+15) -> 52.673353 | R105: =IF($D105="No",$M105*1.45,($M105*1.45)+15) -> 54.554544 | S105: =MROUND(N105,0.25) -> 47 | T105: =MROUND(O105,0.25) -> 49 | U105: =MROUND(P105,0.25) -> 50.75 | V105: =MROUND(Q105,0.25) -> 52.75 | W105: =MROUND(R105,0.25) -> 54.5
A106: PEPPER, GREEN WHOLE (5# CASE) | B106: GPW5 | C106: Peppers, Green | D106: No | E106: Foodservice | F106: 5# WHOLE PRODUCE | G106: 17 | H106: =VLOOKUP($C106,'Raw Cost'!$A$1:$B$484,2,FALSE)/G106 -> 2.7058824 | I106: =H106/16 -> 0.16911765 | J106: 5 | K106: 0.1 | L106: =VLOOKUP($F106,'Packaging Cost'!$A$1:$F$43,6,FALSE) -> 0.2 | M106: =IF($E106="Snakpak",(($J106*H106)+($K106*'Labor Cost'!$A$2)+L106)+2.25,($J106*H106)+($K106*'Labor Cost'!$A$2)+L106) -> 16.079412 | N106: =IF($D106="No",$M106*1.25,($M106*1.25)+15) -> 20.099265 | O106: =IF($D106="No",$M106*1.3,($M106*1.3)+15) -> 20.903235 | P106: =IF($D106="No",$M106*1.35,($M106*1.35)+15) -> 21.707206 | Q106: =IF($D106="No",$M106*1.4,($M106*1.4)+15) -> 22.511176 | R106: =IF($D106="No",$M106*1.45,($M106*1.45)+15) -> 23.315147 | S106: =MROUND(N106,0.25) -> 20 | T106: =MROUND(O106,0.25) -> 21 | U106: =MROUND(P106,0.25) -> 21.75 | V106: =MROUND(Q106,0.25) -> 22.5 | W106: =MROUND(R106,0.25) -> 23.25
A107: PEPPER, GREEN, DICED, (10# CASE) | B107: DP10 | C107: Peppers, Green | D107: No | E107: Foodservice | F107: 2/5 ONION TRAY | G107: 17 | H107: =VLOOKUP($C107,'Raw Cost'!$A$1:$B$484,2,FALSE)/G107 -> 2.7058824 | I107: =H107/16 -> 0.16911765 | J107: 10 | K107: 0.25 | L107: =VLOOKUP($F107,'Packaging Cost'!$A$1:$F$43,6,FALSE) -> 2.52 | M107: =IF($E107="Snakpak",(($J107*H107)+($K107*'Labor Cost'!$A$2)+L107)+2.25,($J107*H107)+($K107*'Labor Cost'!$A$2)+L107+1) -> 36.453824 | N107: =IF($D107="No",$M107*1.25,($M107*1.25)+15) -> 45.567279 | O107: =IF($D107="No",$M107*1.3,($M107*1.3)+15) -> 47.389971 | P107: =IF($D107="No",$M107*1.35,($M107*1.35)+15) -> 49.212662 | Q107: =IF($D107="No",$M107*1.4,($M107*1.4)+15) -> 51.035353 | R107: =IF($D107="No",$M107*1.45,($M107*1.45)+15) -> 52.858044 | S107: =MROUND(N107,0.25) -> 45.5 | T107: =MROUND(O107,0.25) -> 47.5 | U107: =MROUND(P107,0.25) -> 49.25 | V107: =MROUND(Q107,0.25) -> 51 | W107: =MROUND(R107,0.25) -> 52.75
A108: PEPPER, GREEN, JULIENNE (20# CASE) | B108: JP20 | C108: Peppers, Green | D108: No | E108: Foodservice | F108: 4/5 NEW KRAFT | G108: 17 | H108: =VLOOKUP($C108,'Raw Cost'!$A$1:$B$484,2,FALSE)/G108 -> 2.7058824 | I108: =H108/16 -> 0.16911765 | J108: 20 | K108: 0.25 | L108: =VLOOKUP($F108,'Packaging Cost'!$A$1:$F$43,6,FALSE) -> 1.23 | M108: =IF($E108="Snakpak",(($J108*H108)+($K108*'Labor Cost'!$A$2)+L108)+2.25,($J108*H108)+($K108*'Labor Cost'!$A$2)+L108+1) -> 62.222647 | N108: =IF($D108="No",$M108*1.25,($M108*1.25)+15) -> 77.778309 | O108: =IF($D108="No",$M108*1.3,($M108*1.3)+15) -> 80.889441 | P108: =IF($D108="No",$M108*1.35,($M108*1.35)+15) -> 84.000574 | Q108: =IF($D108="No",$M108*1.4,($M108*1.4)+15) -> 87.111706 | R108: =IF($D108="No",$M108*1.45,($M108*1.45)+15) -> 90.222838 | S108: =MROUND(N108,0.25) -> 77.75 | T108: =MROUND(O108,0.25) -> 81 | U108: =MROUND(P108,0.25) -> 84 | V108: =MROUND(Q108,0.25) -> 87 | W108: =MROUND(R108,0.25) -> 90.25
A109: PEPPER, JUL GREEN (5# CASE) | B109: JP5 | C109: Peppers, Green | D109: No | E109: Foodservice | F109: 1/5 ONION TRAY | G109: 17 | H109: =VLOOKUP($C109,'Raw Cost'!$A$1:$B$484,2,FALSE)/G109 -> 2.7058824 | I109: =H109/16 -> 0.16911765 | J109: 5 | K109: 0.25 | L109: =VLOOKUP($F109,'Packaging Cost'!$A$1:$F$43,6,FALSE) -> 1.41 | M109: =IF($E109="Snakpak",(($J109*H109)+($K109*'Labor Cost'!$A$2)+L109)+2.25,($J109*H109)+($K109*'Labor Cost'!$A$2)+L109+1) -> 21.814412 | N109: =IF($D109="No",$M109*1.25,($M109*1.25)+15) -> 27.268015 | O109: =IF($D109="No",$M109*1.3,($M109*1.3)+15) -> 28.358735 | P109: =IF($D109="No",$M109*1.35,($M109*1.35)+15) -> 29.449456 | Q109: =IF($D109="No",$M109*1.4,($M109*1.4)+15) -> 30.540176 | R109: =IF($D109="No",$M109*1.45,($M109*1.45)+15) -> 31.630897 | S109: =MROUND(N109,0.25) -> 27.25 | T109: =MROUND(O109,0.25) -> 28.25 | U109: =MROUND(P109,0.25) -> 29.5 | V109: =MROUND(Q109,0.25) -> 30.5 | W109: =MROUND(R109,0.25) -> 31.75
A110: PEPPER, POBLANO JUL (10# CASE) | B110: RPW5 | C110: Poblano | D110: No | E110: Foodservice | F110: 5# WHOLE PRODUCE | G110: 15 | H110: =VLOOKUP($C110,'Raw Cost'!$A$1:$B$484,2,FALSE)/G110 -> 2.4666667 | I110: =H110/16 -> 0.15416667 | J110: 5 | K110: 0.1 | L110: =VLOOKUP($F110,'Packaging Cost'!$A$1:$F$43,6,FALSE) -> 0.2 | M110: =IF($E110="Snakpak",(($J110*H110)+($K110*'Labor Cost'!$A$2)+L110)+2.25,($J110*H110)+($K110*'Labor Cost'!$A$2)+L110) -> 14.883333 | N110: =IF($D110="No",$M110*1.25,($M110*1.25)+15) -> 18.604167 | O110: =IF($D110="No",$M110*1.3,($M110*1.3)+15) -> 19.348333 | P110: =IF($D110="No",$M110*1.35,($M110*1.35)+15) -> 20.0925 | Q110: =IF($D110="No",$M110*1.4,($M110*1.4)+15) -> 20.836667 | R110: =IF($D110="No",$M110*1.45,($M110*1.45)+15) -> 21.580833 | S110: =MROUND(N110,0.25) -> 18.5 | T110: =MROUND(O110,0.25) -> 19.25 | U110: =MROUND(P110,0.25) -> 20 | V110: =MROUND(Q110,0.25) -> 20.75 | W110: =MROUND(R110,0.25) -> 21.5
A111: PEPPER, RED JULIENNE (10# TRAY) | B111: JPR | C111: Peppers, Red | D111: No | E111: Foodservice | F111: 2/5 FRUIT TRAY | G111: 15 | H111: =VLOOKUP($C111,'Raw Cost'!$A$1:$B$484,2,FALSE)/G111 -> 2.8 | I111: =H111/16 -> 0.175 | J111: 10 | K111: 0.25 | L111: =VLOOKUP($F111,'Packaging Cost'!$A$1:$F$43,6,FALSE) -> 3.22 | M111: =IF($E111="Snakpak",(($J111*H111)+($K111*'Labor Cost'!$A$2)+L111)+2.25,($J111*H111)+($K111*'Labor Cost'!$A$2)+L111+1) -> 38.095 | N111: =IF($D111="No",$M111*1.25,($M111*1.25)+15) -> 47.61875 | O111: =IF($D111="No",$M111*1.3,($M111*1.3)+15) -> 49.5235 | P111: =IF($D111="No",$M111*1.35,($M111*1.35)+15) -> 51.42825 | Q111: =IF($D111="No",$M111*1.4,($M111*1.4)+15) -> 53.333 | R111: =IF($D111="No",$M111*1.45,($M111*1.45)+15) -> 55.23775 | S111: =MROUND(N111,0.25) -> 47.5 | T111: =MROUND(O111,0.25) -> 49.5 | U111: =MROUND(P111,0.25) -> 51.5 | V111: =MROUND(Q111,0.25) -> 53.25 | W111: =MROUND(R111,0.25) -> 55.25
A112: PEPPER, RED WHOLE (5# CASE) | B112: RPW5 | C112: Peppers, Red | D112: No | E112: Foodservice | F112: 5# WHOLE PRODUCE | G112: 20 | H112: =VLOOKUP($C112,'Raw Cost'!$A$1:$B$484,2,FALSE)/G112 -> 2.1 | I112: =H112/16 -> 0.13125 | J112: 5 | K112: 0.1 | L112: =VLOOKUP($F112,'Packaging Cost'!$A$1:$F$43,6,FALSE) -> 0.2 | M112: =IF($E112="Snakpak",(($J112*H112)+($K112*'Labor Cost'!$A$2)+L112)+2.25,($J112*H112)+($K112*'Labor Cost'!$A$2)+L112) -> 13.05 | N112: =IF($D112="No",$M112*1.25,($M112*1.25)+15) -> 16.3125 | O112: =IF($D112="No",$M112*1.3,($M112*1.3)+15) -> 16.965 | P112: =IF($D112="No",$M112*1.35,($M112*1.35)+15) -> 17.6175 | Q112: =IF($D112="No",$M112*1.4,($M112*1.4)+15) -> 18.27 | R112: =IF($D112="No",$M112*1.45,($M112*1.45)+15) -> 18.9225 | S112: =MROUND(N112,0.25) -> 16.25 | T112: =MROUND(O112,0.25) -> 17 | U112: =MROUND(P112,0.25) -> 17.5 | V112: =MROUND(Q112,0.25) -> 18.25 | W112: =MROUND(R112,0.25) -> 19
A113: PEPPER, RED, DICED (10# TRAY) | B113: DRP | C113: Peppers, Red | D113: No | E113: Foodservice | F113: 2/5 FRUIT TRAY | G113: 15 | H113: =VLOOKUP($C113,'Raw Cost'!$A$1:$B$484,2,FALSE)/G113 -> 2.8 | I113: =H113/16 -> 0.175 | J113: 10 | K113: 0.25 | L113: =VLOOKUP($F113,'Packaging Cost'!$A$1:$F$43,6,FALSE) -> 3.22 | M113: =IF($E113="Snakpak",(($J113*H113)+($K113*'Labor Cost'!$A$2)+L113)+2.25,($J113*H113)+($K113*'Labor Cost'!$A$2)+L113+1) -> 38.095 | N113: =IF($D113="No",$M113*1.25,($M113*1.25)+15) -> 47.61875 | O113: =IF($D113="No",$M113*1.3,($M113*1.3)+15) -> 49.5235 | P113: =IF($D113="No",$M113*1.35,($M113*1.35)+15) -> 51.42825 | Q113: =IF($D113="No",$M113*1.4,($M113*1.4)+15) -> 53.333 | R113: =IF($D113="No",$M113*1.45,($M113*1.45)+15) -> 55.23775 | S113: =MROUND(N113,0.25) -> 47.5 | T113: =MROUND(O113,0.25) -> 49.5 | U113: =MROUND(P113,0.25) -> 51.5 | V113: =MROUND(Q113,0.25) -> 53.25 | W113: =MROUND(R113,0.25) -> 55.25
A114: PEPPER, SUNTAN, DICED, (10# CASE) | B114: DP10 | C114: Peppers, Sun Tan | D114: No | E114: Foodservice | F114: 2/5 ONION TRAY | G114: 15 | H114: =VLOOKUP($C114,'Raw Cost'!$A$1:$B$484,2,FALSE)/G114 -> 1.0666667 | I114: =H114/16 -> 0.066666667 | J114: 10 | K114: 0.25 | L114: =VLOOKUP($F114,'Packaging Cost'!$A$1:$F$43,6,FALSE) -> 2.52 | M114: =IF($E114="Snakpak",(($J114*H114)+($K114*'Labor Cost'!$A$2)+L114)+2.25,($J114*H114)+($K114*'Labor Cost'!$A$2)+L114+1) -> 20.061667 | N114: =IF($D114="No",$M114*1.25,($M114*1.25)+15) -> 25.077083 | O114: =IF($D114="No",$M114*1.3,($M114*1.3)+15) -> 26.080167 | P114: =IF($D114="No",$M114*1.35,($M114*1.35)+15) -> 27.08325 | Q114: =IF($D114="No",$M114*1.4,($M114*1.4)+15) -> 28.086333 | R114: =IF($D114="No",$M114*1.45,($M114*1.45)+15) -> 29.089417 | S114: =MROUND(N114,0.25) -> 25 | T114: =MROUND(O114,0.25) -> 26 | U114: =MROUND(P114,0.25) -> 27 | V114: =MROUND(Q114,0.25) -> 28 | W114: =MROUND(R114,0.25) -> 29
A115: PEPPER, YELLOW DICED (10# TRAY) | B115: DPY | C115: Peppers, Yellow | D115: No | E115: Foodservice | F115: 2/5 FRUIT TRAY | G115: 15 | H115: =VLOOKUP($C115,'Raw Cost'!$A$1:$B$484,2,FALSE)/G115 -> 2.6 | I115: =H115/16 -> 0.1625 | J115: 10 | K115: 0.25 | L115: =VLOOKUP($F115,'Packaging Cost'!$A$1:$F$43,6,FALSE) -> 3.22 | M115: =IF($E115="Snakpak",(($J115*H115)+($K115*'Labor Cost'!$A$2)+L115)+2.25,($J115*H115)+($K115*'Labor Cost'!$A$2)+L115+1) -> 36.095 | N115: =IF($D115="No",$M115*1.25,($M115*1.25)+15) -> 45.11875 | O115: =IF($D115="No",$M115*1.3,($M115*1.3)+15) -> 46.9235 | P115: =IF($D115="No",$M115*1.35,($M115*1.35)+15) -> 48.72825 | Q115: =IF($D115="No",$M115*1.4,($M115*1.4)+15) -> 50.533 | R115: =IF($D115="No",$M115*1.45,($M115*1.45)+15) -> 52.33775 | S115: =MROUND(N115,0.25) -> 45 | T115: =MROUND(O115,0.25) -> 47 | U115: =MROUND(P115,0.25) -> 48.75 | V115: =MROUND(Q115,0.25) -> 50.5 | W115: =MROUND(R115,0.25) -> 52.25
A116: PEPPER, YELLOW JULIENNE (10# TRAY) | B116: JPY | C116: Peppers, Yellow | D116: No | E116: Foodservice | F116: 2/5 ONION TRAY | G116: 15 | H116: =VLOOKUP($C116,'Raw Cost'!$A$1:$B$484,2,FALSE)/G116 -> 2.6 | I116: =H116/16 -> 0.1625 | J116: 10 | K116: 0.25 | L116: =VLOOKUP($F116,'Packaging Cost'!$A$1:$F$43,6,FALSE) -> 2.52 | M116: =IF($E116="Snakpak",(($J116*H116)+($K116*'Labor Cost'!$A$2)+L116)+2.25,($J116*H116)+($K116*'Labor Cost'!$A$2)+L116+1) -> 35.395 | N116: =IF($D116="No",$M116*1.25,($M116*1.25)+15) -> 44.24375 | O116: =IF($D116="No",$M116*1.3,($M116*1.3)+15) -> 46.0135 | P116: =IF($D116="No",$M116*1.35,($M116*1.35)+15) -> 47.78325 | Q116: =IF($D116="No",$M116*1.4,($M116*1.4)+15) -> 49.553 | R116: =IF($D116="No",$M116*1.45,($M116*1.45)+15) -> 51.32275 | S116: =MROUND(N116,0.25) -> 44.25 | T116: =MROUND(O116,0.25) -> 46 | U116: =MROUND(P116,0.25) -> 47.75 | V116: =MROUND(Q116,0.25) -> 49.5 | W116: =MROUND(R116,0.25) -> 51.25
...

Sheet NEW MARK UP LIST
A1: ITEM | B1: PRICE | C1: UNIT COST | D1: MARK UP $ | E1: PERCENTAGE
A2: ACORN SQUASH, DICED (4X5#CASE) | B2: 56.5 | C2: ='Master Item List'!M2 -> 34.105 | D2: =B2-C2 -> 22.395 | E2: =D2/C2 -> 0.65664859
A3: APPLE, GREEN DICED (4X5# CASE) | B3: 46.75 | C3: ='Master Item List'!M3 -> 35.681897 | D3: =B3-C3 -> 11.068103 | E3: =D3/C3 -> 0.31018821
A4: APPLE, GREEN WEDGES (10X1# CASE) | B4: 33.5 | C4: ='Master Item List'!M4 -> 24.648448 | D4: =B4-C4 -> 8.8515517 | E4: =D4/C4 -> 0.35911193
A5: APPLE, GREEN WEDGES (4 X 3) | B5: 31.25 | C5: ='Master Item List'!M5 -> 23.749138 | D5: =B5-C5 -> 7.5008621 | E5: =D5/C5 -> 0.31583724
A6: APPLE, RED DICED (4X5# CASE) | B6: 37.25 | C6: ='Master Item List'!M6 -> 40.509483 | D6: =B6-C6 -> -3.2594828 | E6: =D6/C6 -> -0.080462216
A7: APPLE, RED WEDGES (10X1#CASE) | B7: 29.25 | C7: ='Master Item List'!M7 -> 27.062241 | D7: =B7-C7 -> 2.1877586 | E7: =D7/C7 -> 0.080841738
A8: APPLE, RED WEDGES (4X3#CASE) | B8: 30.25 | C8: ='Master Item List'!M8 -> 28.22569 | D8: =B8-C8 -> 2.0243103 | E8: =D8/C8 -> 0.07171872
A9: BEETS, CANDY STRIPE DICED (2X5#CASE) | B9: 37.5 | C9: ='Master Item List'!M9 -> 27.219444 | D9: =B9-C9 -> 10.280556 | E9: =D9/C9 -> 0.3776916
A10: BEETS, DICED (2X5#CASE) | B10: 28.25 | C10: ='Master Item List'!M10 -> 17.775 | D10: =B10-C10 -> 10.475 | E10: =D10/C10 -> 0.58931083
A11: BEETS, GOLD DICED (2X5#CASE) | B11: 37.25 | C11: ='Master Item List'!M11 -> 26.663889 | D11: =B11-C11 -> 10.586111 | E11: =D11/C11 -> 0.39702052
A12: BOK CHOY, CHOPPED (4 X 5# CASE) | B12: 39 | C12: ='Master Item List'!M12 -> 37.298333 | D12: =B12-C12 -> 1.7016667 | E12: =D12/C12 -> 0.045623129
A13: BROCCOLI FLORETS (4X3# CASE) | B13: 32.5 | C13: ='Master Item List'!M13 -> 25.705 | D13: =B13-C13 -> 6.795 | E13: =D13/C13 -> 0.26434546
... A26: CARROT STICKS (20# CASE) | B26: 36.25 | C26: ='Master Item List'!M26 -> 26.247857 | D26: =B26-C26 -> 10.002143 | E26: =D26/C26 -> 0.38106512
A27: CARROT, STICKS (BWW)(4 X 5# CASE) | B27: 37.25 | C27: ='Master Item List'!M28 -> 25.247857 | D27: =B27-C27 -> 12.002143 | E27: =D27/C27 -> 0.47537273
A28: CARROTS, COINS (2X5# CASE) | B28: 23.5 | C28: ='Master Item List'!M29 -> 16.346429 | D28: =B28-C28 -> 7.1535714 | E28: =D28/C28 -> 0.4376229
A29: CARROTS, COINS (4X5# CASE) | B29: 35.75 | C29: ='Master Item List'!M30 -> 25.247857 | D29: =B29-C29 -> 10.502143 | E29: =D29/C29 -> 0.41596175
A30: CARROTS, DICED (2X5# CASE) | B30: 24.75 | C30: ='Master Item List'!M31 -> 16.346429 | D30: =B30-C30 -> 8.4035714 | E30: =D30/C30 -> 0.5140922
A31: CARROTS, DICED (4X5# CASE) | B31: 34.5 | C31: ='Master Item List'!M32 -> 25.247857 | D31: =B31-C31 -> 9.2521429 | E31: =D31/C31 -> 0.3664526
A32: CARROTS, PEELED (4X5# CASE) | B32: 34.25 | C32: ='Master Item List'!M33 -> 23.894474 | D32: =B32-C32 -> 10.355526 | E32: =D32/C32 -> 0.43338583
A33: CAULIFLOWER FLORETS (4X3# CASE) | B33: 46.75 | C33: ='Master Item List'!M34 -> 35.93 | D33: =B33-C33 -> 10.82 | E33: =D33/C33 -> 0.30114111
A34: CAULIFLOWER FLORETS MULTICOLOR (4X3# CASE) | C34: ='Master Item List'!M35 -> 140.025 | D34: =B34-C34 -> -140.025 | E34: =D34/C34 -> -1
A35: CELERY STICKS (4X5# CASE) | B35: 39.5 | C35: ='Master Item List'!M36 -> 27.855 | D35: =B35-C35 -> 11.645 | E35: =D35/C35 -> 0.4180578
A36: CELERY, DICED (2X5# CASE) | B36: 23 | C36: ='Master Item List'!M37 -> 17.15 | D36: =B36-C36 -> 5.85 | E36: =D36/C36 -> 0.34110787
A37: CELERY, DICED (4X5# CASE) | B37: 38.5 | C37: ='Master Item List'!M38 -> 26.855 | D37: =B37-C37 -> 11.645 | E37: =D37/C37 -> 0.43362502
A38: CELERY, ROOT DICED (2X5# CASE) | B38: 35 | C38: ='Master Item List'!M39 -> 24.775 | D38: =B38-C38 -> 10.225 | E38: =D38/C38 -> 0.41271443
A39: CELERY, SLICED (2X5# CASE) | B39: 27.25 | C39: ='Master Item List'!M40 -> 17.15 | D39: =B39-C39 -> 10.1 | E39: =D39/C39 -> 0.58892128
A40: CHAYOTE, SQUASH 2" MATCHSTICK (2X5# CASE) | B40: 60.25 | C40: ='Master Item List'!M41 -> 53.865 | D40: =B40-C40 -> 6.385 | E40: =D40/C40 -> 0.11853708
A41: CILANTRO, CLEAN & TRIM (4X1# CASE) | B41: 25 | C41: ='Master Item List'!M42 -> 15.161667 | D41: =B41-C41 -> 9.8383333 | E41: =D41/C41 -> 0.64889524
A42: COLESLAW, DICED (4X5# CASE) | B42: 18.5 | C42: ='Master Item List'!M43 -> 17.819286 | D42: =B42-C42 -> 0.68071429 | E42: =D42/C42 -> 0.038200986
A43: COLESLAW, FINE SHREDDED, (4X5# CASE) | B43: 18.5 | C43: ='Master Item List'!M44 -> 17.819286 | D43: =B43-C43 -> 0.68071429 | E43: =D43/C43 -> 0.038200986
A44: COLESLAW, SAVOY BLEND (2X5# CASE) | B44: 48.5 | C44: ='Master Item List'!M45 -> 37.108333 | D44: =B44-C44 -> 11.391667 | E44: =D44/C44 -> 0.30698406
A45: COLESLAW, SHREDDED MIX (4X5# CASE) | B45: 18.5 | C45: ='Master Item List'!M46 -> 17.819286 | D45: =B45-C45 -> 0.68071429 | E45: =D45/C45 -> 0.038200986
A46: COLLARDS, CLEANED/CUT (6X2# CASE) | B46: 29 | C46: ='Master Item List'!M47 -> 19.825 | D46: =B46-C46 -> 9.175 | E46: =D46/C46 -> 0.4627995
... A167: ZUCCHINI, SLICED (5# CASE) | B167: 18.25 | C167: ='Master Item List'!M168 -> 11.781667 | D167: =B167-C167 -> 6.4683333 | E167: =D167/C167 -> 0.54901683
C168: ='Master Item List'!M169 -> 0 | D168: =B168-C168 -> 0 | E168: =D168/C168 -> #DIV/0!
A169: SNACK PACKS | C169: ='Master Item List'!M170 -> 0 | D169: =B169-C169 -> 0 | E169: =D169/C169 -> #DIV/0!
A170: APPLE, CARROTS MIX (50 X 2oz) | B170: 32.25 | C170: ='Master Item List'!M171 -> 22.074138 | D170: =B170-C170 -> 10.175862 | E170: =D170/C170 -> 0.46098571
A171: APPLE, CARROTS MIX W/RANCH (50 X 2oz) | B171: 48.25 | C171: ='Master Item List'!M172 -> 22.074138 | D171: =B171-C171 -> 26.175862 | E171: =D171/C171 -> 1.1858158
A172: APPLE, CELERY MIX (50 X 2oz) | B172: 29.25 | C172: ='Master Item List'!M173 -> 19.752709 | D172: =B172-C172 -> 9.4972906 | E172: =D172/C172 -> 0.48080952
A173: APPLE, CELERY MIX W/RANCH (50 X 2oz) | B173: 45.25 | C173: ='Master Item List'!M174 -> 19.752709 | D173: =B173-C173 -> 25.497291 | E173: =D173/C173 -> 1.290825
A174: APPLE, GRAPES MIX (50/2.3oz) | B174: 32.25 | C174: ='Master Item List'!M175 -> 25.084952 | D174: =B174-C174 -> 7.1650479 | E174: =D174/C174 -> 0.28563132
A175: APPLE, GREEN WEDGES (100 X 2oz) | B175: 39.25 | C175: ='Master Item List'!M176 -> 31.85431 | D175: =B175-C175 -> 7.3956897 | E175: =D175/C175 -> 0.23217234
A176: APPLE, GREEN WEDGES (50 X 2oz) | B176: 28.25 | C176: ='Master Item List'!M177 -> 20.414655 | D176: =B176-C176 -> 7.8353448 | E176: =D176/C176 -> 0.38380981
A177: APPLE, PEARS MIX (50 X 2oz) | B177: 31.5 | C177: ='Master Item List'!M178 -> 21.276724 | D177: =B177-C177 -> 10.223276 | E177: =D177/C177 -> 0.48049107
A178: APPLE, RED WEDGES (100 X 2oz) | B178: 32.5 | C178: ='Master Item List'!M179 -> 25.819828 | D178: =B178-C178 -> 6.6801724 | E178: =D178/C178 -> 0.25872258
A179: APPLE, RED WEDGES (50 X 2oz) | B179: 25.25 | C179: ='Master Item List'!M180 -> 17.397414 | D179: =B179-C179 -> 7.8525862 | E179: =D179/C179 -> 0.45136515
A180: APPLE, TURNIPS MIX (50 X 2oz) | B180: 29.25 | C180: ='Master Item List'!M181 -> 21.32761 | D180: =B180-C180 -> 7.9223898 | E180: =D180/C180 -> 0.37146168
A181: APPLE, TURNIPS MIX W/RANCH (50 X 2oz) | B181: =B180+16 -> 45.25 | C181: ='Master Item List'!M182 -> 21.32761 | D181: =B181-C181 -> 23.92239 | E181: =D181/C181 -> 1.1216629
A182: ASPARAGUS & LEMON WEDGES (50 X 2oz) | B182: 45.5 | C182: ='Master Item List'!M183 -> 24.396875 | D182: =B182-C182 -> 21.103125 | E182: =D182/C182 -> 0.86499296
A183: ASPARAGUS & LEMON WEDGES W/RANCH (50 X 2oz) | B183: =B182+16 -> 61.5 | C183: ='Master Item List'!M184 -> 24.396875 | D183: =B183-C183 -> 37.103125 | E183: =D183/C183 -> 1.5208147
A184: ASPARAGUS STICKS (50 X 2oz) | B184: 48.25 | C184: ='Master Item List'!M185 -> 37.195588 | D184: =B184-C184 -> 11.054412 | E184: =D184/C184 -> 0.29719685
A185: ASPARAGUS STICKS W/RANCH (50 X 2oz) | B185: =B184+16 -> 64.25 | C185: ='Master Item List'!M186 -> 37.195588 | D185: =B185-C185 -> 27.054412 | E185: =D185/C185 -> 0.72735539
A186: BABY CARROTS (100 X 2oz) | B186: 38.5 | C186: ='Master Item List'!M187 -> 27.891667 | D186: =B186-C186 -> 10.608333 | E186: =D186/C186 -> 0.3803406
A187: BABY CARROTS (50 X 2oz) | B187: 30.5 | C187: ='Master Item List'!M188 -> 18.433333 | D187: =B187-C187 -> 12.066667 | E187: =D187/C187 -> 0.65461121
A188: BABY CARROTS (50/2oz) W/RANCH | B188: 46.5 | C188: ='Master Item List'!M189 -> 18.433333 | D188: =B188-C188 -> 28.066667 | E188: =D188/C188 -> 1.522604
A189: BEANS, VARIOUS (50 x 2oz) | B189: 33.5 | C189: ='Master Item List'!M190 -> 22.530556 | D189: =B189-C189 -> 10.969444 | E189: =D189/C189 -> 0.48686968
A190: BEETS, CANDYSTRIPE (50 X 2oz) | B190: 34.75 | C190: ='Master Item List'!M191 -> 23.705556 | D190: =B190-C190 -> 11.044444 | E190: =D190/C190 -> 0.4659011
A191: BLACKBERRIES (50 X 2oz) | B191: 66.5 | C191: ='Master Item List'!M192 -> 55.725 | D191: =B191-C191 -> 10.775 | E191: =D191/C191 -> 0.19336025
A192: BLOOD ORANGE WEDGES (50 X 3.5oz) | B192: 55.75 | C192: ='Master Item List'!M193 -> 45.191667 | D192: =B192-C192 -> 10.558333 | E192: =D192/C192 -> 0.23363452
A193: BLUEBERRIES (50 X 2oz) | B193: 67.5 | C193: ='Master Item List'!M194 -> 55.725 | D193: =B193-C193 -> 11.775 | E193: =D193/C193 -> 0.21130552
A194: BROCCOLI & CAULIFLOWER MIX (50 X 2oz) | B194: 33.25 | C194: ='Master Item List'!M195 -> 21.790538 | D194: =B194-C194 -> 11.459462 | E194: =D194/C194 -> 0.52589164
A195: BROCCOLI & CAULIFLOWER MIX W/RANCH (50 X 2oz) | B195: 49.25 | C195: ='Master Item List'!M196 -> 21.790538 | D195: =B195-C195 -> 27.459462 | E195: =D195/C195 -> 1.2601553
A196: BROCCOLI & GRAPE TOMATO MIX (50 X 2oz) | B196: 31.75 | C196: ='Master Item List'!M197 -> 20.794444 | D196: =B196-C196 -> 10.955556 | E196: =D196/C196 -> 0.52685012
A197: BROCCOLI & GRAPE TOMATO MIX W/RANCH (50 X 2oz) | B197: 47.75 | C197: ='Master Item List'!M198 -> 20.794444 | D197: =B197-C197 -> 26.955556 | E197: =D197/C197 -> 1.2962864
... A337: ZUCHHINI, SLICED W/ RANCH (50 X 2oz) | B337: 47.75 | C337: ='Master Item List'!M338 -> 20.233333 | D337: =B337-C337 -> 27.516667 | E337: =D337/C337 -> 1.3599671
D341: 10 | E341: 0.3
D342: 13 | E342: 0.45

Sheet Combo Pricing
A1: Item Name | B1: Item 1 | C1: Base Product | D1: Item 2 | E1: Item 3 | F1: Combined Unit Cost | G1: 0.25 | H1: 0.3 | I1: 0.35 | J1: 0.4 | K1: 25% Markup | L1: 30% Markup | M1: 35% Markup | N1: 40% Markup
A2: APPLE / PEAR (50/2oz) | B2: APPLE, RED WEDGES (50 X 2oz) | E2: PEARS, WEDGED (50 X 2oz) | F2: =(VLOOKUP($B2,'Master Item List'!$A$1:$V$320,13,FALSE)+VLOOKUP($E2,'Master Item List'!$A$1:$V$320,13,FALSE))/2 -> 18.854801 | G2: =$F2*1.25 -> 23.568501 | H2: =$F2*1.3 -> 24.511241 | I2: =$F2*1.35 -> 25.453981 | J2: =$F2*1.4 -> 26.396721 | K2: =MROUND(G2,0.25)+2.25 -> 25.75 | L2: =MROUND(H2,0.25)+2.25 -> 26.75 | M2: =MROUND(I2,0.25)+2.25 -> 27.75 | N2: =MROUND(J2,0.25)+2.25 -> 28.75
A3: APPLE / PEAR (100/2oz) | B3: APPLE, RED WEDGES (50 X 2oz) | E3: PEARS, WEDGED (50 X 2oz) | F3: =(VLOOKUP($B3,'Master Item List'!$A$1:$V$320,13,FALSE)+VLOOKUP($E3,'Master Item List'!$A$1:$V$320,13,FALSE)) -> 37.709601 | G3: =$F3*1.25 -> 47.137002 | H3: =$F3*1.3 -> 49.022482 | I3: =$F3*1.35 -> 50.907962 | J3: =$F3*1.4 -> 52.793442 | K3: =MROUND(G3,0.25)+2.25 -> 49.5 | L3: =MROUND(H3,0.25)+2.25 -> 51.25 | M3: =MROUND(I3,0.25)+2.25 -> 53.25 | N3: =MROUND(J3,0.25)+2.25 -> 55
A4: APPLE / CARROT (50 X 2oz) | B4: APPLE, RED WEDGES (50 X 2oz) | E4: CARROTS, BABY, (50 X 2oz) | F4: =(VLOOKUP($B4,'Master Item List'!$A$1:$V$320,13,FALSE)+VLOOKUP($E4,'Master Item List'!$A$1:$V$320,13,FALSE))/2 -> #N/A | G4: =$F4*1.25 -> #N/A | H4: =$F4*1.3 -> #N/A | I4: =$F4*1.35 -> #N/A | J4: =$F4*1.4 -> #N/A | K4: =MROUND(G4,0.25)+2.25 -> #N/A | L4: =MROUND(H4,0.25)+2.25 -> #N/A | M4: =MROUND(I4,0.25)+2.25 -> #N/A | N4: =MROUND(J4,0.25)+2.25 -> #N/A
A5: APPLE / CELERY (50/2oz) | B5: APPLE, RED WEDGES (50 X 2oz) | E5: CELERY STICKS (50 X 2oz) | F5: =(VLOOKUP($B5,'Master Item List'!$A$1:$V$320,13,FALSE)+VLOOKUP($E5,'Master Item List'!$A$1:$V$320,13,FALSE))/2 -> 17.225894 | G5: =$F5*1.25 -> 21.532368 | H5: =$F5*1.3 -> 22.393663 | I5: =$F5*1.35 -> 23.254957 | J5: =$F5*1.4 -> 24.116252 | K5: =MROUND(G5,0.25)+2.25 -> 23.75 | L5: =MROUND(H5,0.25)+2.25 -> 24.75 | M5: =MROUND(I5,0.25)+2.25 -> 25.5 | N5: =MROUND(J5,0.25)+2.25 -> 26.25
A6: APPLE / RED GRAPE (50 X 2.3oz) | B6: APPLE, RED WEDGES (50 X 2oz) | E6: ='Master Item List'!A61 -> GRAPES, RED (5# CASE) | F6: =(VLOOKUP($B6,'Master Item List'!$A$1:$V$320,13,FALSE)+VLOOKUP($E6,'Master Item List'!$A$1:$V$320,13,FALSE)/2) -> 27.273803 | G6: =$F6*1.25 -> 34.092253 | H6: =$F6*1.3 -> 35.455943 | I6: =$F6*1.35 -> 36.819634 | J6: =$F6*1.4 -> 38.183324 | K6: =MROUND(G6,0.25)+2.25 -> 36.25 | L6: =MROUND(H6,0.25)+2.25 -> 37.75 | M6: =MROUND(I6,0.25)+2.25 -> 39 | N6: =MROUND(J6,0.25)+2.25 -> 40.5 | P6: BAD FORMULA - not 50/50, should be 85/15
A7: APPLE / TURNIP (50/2oz) | B7: APPLE, RED WEDGES (50 X 2oz) | E7: TURNIP STICKS (50 X 2oz) | F7: =(VLOOKUP($B7,'Master Item List'!$A$1:$V$320,13,FALSE)+VLOOKUP($E7,'Master Item List'!$A$1:$V$320,13,FALSE))/2 -> #N/A | G7: =$F7*1.25 -> #N/A | H7: =$F7*1.3 -> #N/A | I7: =$F7*1.35 -> #N/A | J7: =$F7*1.4 -> #N/A | K7: =MROUND(G7,0.25)+2.25 -> #N/A | L7: =MROUND(H7,0.25)+2.25 -> #N/A | M7: =MROUND(I7,0.25)+2.25 -> #N/A | N7: =MROUND(J7,0.25)+2.25 -> #N/A
A8: BROCCOLI / CAULIFLOWER (50 X 2oz) | B8: BROCCOLI FLORET (50 X 2oz) | E8: CAULIFLOWER FLORET (50 X 2oz) | F8: =(VLOOKUP($B8,'Master Item List'!$A$1:$V$320,13,FALSE)+VLOOKUP($E8,'Master Item List'!$A$1:$V$320,13,FALSE))/2 -> 22.273611 | G8: =$F8*1.25 -> 27.842014 | H8: =$F8*1.3 -> 28.955694 | I8: =$F8*1.35 -> 30.069375 | J8: =$F8*1.4 -> 31.183056 | K8: =MROUND(G8,0.25)+2.25 -> 30 | L8: =MROUND(H8,0.25)+2.25 -> 31.25 | M8: =MROUND(I8,0.25)+2.25 -> 32.25 | N8: =MROUND(J8,0.25)+2.25 -> 33.5
A9: BROCCOLI / GRAPE TOMATO (50 X 2oz) | B9: BROCCOLI FLORET (50 X 2oz) | E9: GRAPE TOMATO (50 X 2oz) | F9: =(VLOOKUP($B9,'Master Item List'!$A$1:$V$320,13,FALSE)+VLOOKUP($E9,'Master Item List'!$A$1:$V$320,13,FALSE))/2 -> 20.426797 | G9: =$F9*1.25 -> 25.533497 | H9: =$F9*1.3 -> 26.554837 | I9: =$F9*1.35 -> 27.576176 | J9: =$F9*1.4 -> 28.597516 | K9: =MROUND(G9,0.25)+2.25 -> 27.75 | L9: =MROUND(H9,0.25)+2.25 -> 28.75 | M9: =MROUND(I9,0.25)+2.25 -> 29.75 | N9: =MROUND(J9,0.25)+2.25 -> 30.75
A10: BROCCOLI / SUGAR SNAPS (50 X 2oz) | B10: BROCCOLI FLORET (50 X 2oz) | E10: ='Master Item List'!A309 -> RICE 50/6OZ | F10: =(VLOOKUP($B10,'Master Item List'!$A$1:$V$320,13,FALSE)+VLOOKUP($E10,'Master Item List'!$A$1:$V$320,13,FALSE))/2 -> 43.369444 | G10: =$F10*1.25 -> 54.211806 | H10: =$F10*1.3 -> 56.380278 | I10: =$F10*1.35 -> 58.54875 | J10: =$F10*1.4 -> 60.717222 | K10: =MROUND(G10,0.25)+2.25 -> 56.5 | L10: =MROUND(H10,0.25)+2.25 -> 58.75 | M10: =MROUND(I10,0.25)+2.25 -> 60.75 | N10: =MROUND(J10,0.25)+2.25 -> 63
A11: CANTALOUPE / GRAPES (50 X 2.7oz) | B11: CANTALOUPE, CUBED (50 X 2.7oz) | E11: ='Master Item List'!A61 -> GRAPES, RED (5# CASE) | F11: =(VLOOKUP($B11,'Master Item List'!$A$1:$V$320,13,FALSE)+VLOOKUP($E11,'Master Item List'!$A$1:$V$320,13,FALSE)) -> 40.40719 | G11: =$F11*1.25 -> 50.508987 | H11: =$F11*1.3 -> 52.529346 | I11: =$F11*1.35 -> 54.549706 | J11: =$F11*1.4 -> 56.570065 | K11: =MROUND(G11,0.25)+2.25 -> 52.75 | L11: =MROUND(H11,0.25)+2.25 -> 54.75 | M11: =MROUND(I11,0.25)+2.25 -> 56.75 | N11: =MROUND(J11,0.25)+2.25 -> 58.75
A12: CANTALOUPE / HONEYDEW (50 X 2.7oz) | B12: CANTALOUPE, CUBED (50 X 2.7oz) | E12: HONEYDEW, CUBED, (50 X 2.7oz) | F12: =(VLOOKUP($B12,'Master Item List'!$A$1:$V$320,13,FALSE)+VLOOKUP($E12,'Master Item List'!$A$1:$V$320,13,FALSE))/2 -> 23.239373 | G12: =$F12*1.25 -> 29.049216 | H12: =$F12*1.3 -> 30.211184 | I12: =$F12*1.35 -> 31.373153 | J12: =$F12*1.4 -> 32.535122 | K12: =MROUND(G12,0.25)+2.25 -> 31.25 | L12: =MROUND(H12,0.25)+2.25 -> 32.5 | M12: =MROUND(I12,0.25)+2.25 -> 33.5 | N12: =MROUND(J12,0.25)+2.25 -> 34.75
A13: CANTALOUPE / PINEAPPLES (50 X 2.3oz) | B13: CANTALOUPE, CUBED (50 X 2.7oz) | E13: PINEAPPLE (50 X 2.3oz) | F13: =(VLOOKUP($B13,'Master Item List'!$A$1:$V$320,13,FALSE)+VLOOKUP($E13,'Master Item List'!$A$1:$V$320,13,FALSE))/2 -> 22.491811 | G13: =$F13*1.25 -> 28.114764 | H13: =$F13*1.3 -> 29.239354 | I13: =$F13*1.35 -> 30.363945 | J13: =$F13*1.4 -> 31.488536 | K13: =MROUND(G13,0.25)+2.25 -> 30.25 | L13: =MROUND(H13,0.25)+2.25 -> 31.5 | M13: =MROUND(I13,0.25)+2.25 -> 32.5 | N13: =MROUND(J13,0.25)+2.25 -> 33.75
A14: CARROT / BROCCOLI (50 X 2oz) | B14: CARROTS, BABY, (50 X 2oz) | E14: BROCCOLI FLORET (50 X 2oz) | F14: =(VLOOKUP($B14,'Master Item List'!$A$1:$V$320,13,FALSE)+VLOOKUP($E14,'Master Item List'!$A$1:$V$320,13,FALSE))/2 -> #N/A | G14: =$F14*1.25 -> #N/A | H14: =$F14*1.3 -> #N/A | I14: =$F14*1.35 -> #N/A | J14: =$F14*1.4 -> #N/A | K14: =MROUND(G14,0.25)+2.25 -> #N/A | L14: =MROUND(H14,0.25)+2.25 -> #N/A | M14: =MROUND(I14,0.25)+2.25 -> #N/A | N14: =MROUND(J14,0.25)+2.25 -> #N/A
A15: CARROT / CELERY (50 X 2oz) | B15: CARROTS, BABY, (50 X 2oz) | E15: CELERY STICKS (50 X 2oz) | F15: =(VLOOKUP($B15,'Master Item List'!$A$1:$V$320,13,FALSE)+VLOOKUP($E15,'Master Item List'!$A$1:$V$320,13,FALSE))/2 -> #N/A | G15: =$F15*1.25 -> #N/A | H15: =$F15*1.3 -> #N/A | I15: =$F15*1.35 -> #N/A | J15: =$F15*1.4 -> #N/A | K15: =MROUND(G15,0.25)+2.25 -> #N/A | L15: =MROUND(H15,0.25)+2.25 -> #N/A | M15: =MROUND(I15,0.25)+2.25 -> #N/A | N15: =MROUND(J15,0.25)+2.25 -> #N/A
A16: CARROT / GRAPE TOMATO (50 X 2oz) | B16: CARROTS, BABY, (50 X 2oz) | E16: GRAPE TOMATO (50 X 2oz) | F16: =(VLOOKUP($B16,'Master Item List'!$A$1:$V$320,13,FALSE)+VLOOKUP($E16,'Master Item List'!$A$1:$V$320,13,FALSE))/2 -> #N/A | G16: =$F16*1.25 -> #N/A | H16: =$F16*1.3 -> #N/A | I16: =$F16*1.35 -> #N/A | J16: =$F16*1.4 -> #N/A | K16: =MROUND(G16,0.25)+2.25 -> #N/A | L16: =MROUND(H16,0.25)+2.25 -> #N/A | M16: =MROUND(I16,0.25)+2.25 -> #N/A | N16: =MROUND(J16,0.25)+2.25 -> #N/A
A17: CARROT / PEARS (50 X 2oz) | B17: CARROTS, BABY, (50 X 2oz) | E17: PEARS, WEDGED (50 X 2oz) | F17: =(VLOOKUP($B17,'Master Item List'!$A$1:$V$320,13,FALSE)+VLOOKUP($E17,'Master Item List'!$A$1:$V$320,13,FALSE))/2 -> #N/A | G17: =$F17*1.25 -> #N/A | H17: =$F17*1.3 -> #N/A | I17: =$F17*1.35 -> #N/A | J17: =$F17*1.4 -> #N/A | K17: =MROUND(G17,0.25)+2.25 -> #N/A | L17: =MROUND(H17,0.25)+2.25 -> #N/A | M17: =MROUND(I17,0.25)+2.25 -> #N/A | N17: =MROUND(J17,0.25)+2.25 -> #N/A
A18: CARROT / SUGAR SNAPS (50 X 2oz) | B18: CARROTS, BABY, (50 X 2oz) | E18: ='Master Item List'!A309 -> RICE 50/6OZ | F18: =(VLOOKUP($B18,'Master Item List'!$A$1:$V$320,13,FALSE)+VLOOKUP($E18,'Master Item List'!$A$1:$V$320,13,FALSE))/2 -> #N/A | G18: =$F18*1.25 -> #N/A | H18: =$F18*1.3 -> #N/A | I18: =$F18*1.35 -> #N/A | J18: =$F18*1.4 -> #N/A | K18: =MROUND(G18,0.25)+2.25 -> #N/A | L18: =MROUND(H18,0.25)+2.25 -> #N/A | M18: =MROUND(I18,0.25)+2.25 -> #N/A | N18: =MROUND(J18,0.25)+2.25 -> #N/A
A19: CAULIFLOWER / GRAPE TOMATO (50 X 2oz) | B19: CAULIFLOWER FLORET (50 X 2oz) | E19: GRAPE TOMATO (50 X 2oz) | F19: =(VLOOKUP($B19,'Master Item List'!$A$1:$V$320,13,FALSE)+VLOOKUP($E19,'Master Item List'!$A$1:$V$320,13,FALSE))/2 -> 24.33652 | G19: =$F19*1.25 -> 30.42065 | H19: =$F19*1.3 -> 31.637475 | I19: =$F19*1.35 -> 32.854301 | J19: =$F19*1.4 -> 34.071127 | K19: =MROUND(G19,0.25)+2.25 -> 32.75 | L19: =MROUND(H19,0.25)+2.25 -> 34 | M19: =MROUND(I19,0.25)+2.25 -> 35 | N19: =MROUND(J19,0.25)+2.25 -> 36.25
A20: CELERY / GRAPE TOMATOES (50 X 2oz) | B20: CELERY STICKS (50 X 2oz) | E20: GRAPE TOMATO (50 X 2oz) | F20: =(VLOOKUP($B20,'Master Item List'!$A$1:$V$320,13,FALSE)+VLOOKUP($E20,'Master Item List'!$A$1:$V$320,13,FALSE))/2 -> 19.77204 | G20: =$F20*1.25 -> 24.715051 | H20: =$F20*1.3 -> 25.703653 | I20: =$F20*1.35 -> 26.692255 | J20: =$F20*1.4 -> 27.680857 | K20: =MROUND(G20,0.25)+2.25 -> 27 | L20: =MROUND(H20,0.25)+2.25 -> 28 | M20: =MROUND(I20,0.25)+2.25 -> 29 | N20: =MROUND(J20,0.25)+2.25 -> 30
A21: CELERY / PEARS (50 X 2oz) | B21: CELERY STICKS (50 X 2oz) | E21: PEARS, WEDGED (50 X 2oz) | F21: =(VLOOKUP($B21,'Master Item List'!$A$1:$V$320,13,FALSE)+VLOOKUP($E21,'Master Item List'!$A$1:$V$320,13,FALSE))/2 -> 18.683281 | G21: =$F21*1.25 -> 23.354102 | H21: =$F21*1.3 -> 24.288266 | I21: =$F21*1.35 -> 25.22243 | J21: =$F21*1.4 -> 26.156594 | K21: =MROUND(G21,0.25)+2.25 -> 25.5 | L21: =MROUND(H21,0.25)+2.25 -> 26.5 | M21: =MROUND(I21,0.25)+2.25 -> 27.5 | N21: =MROUND(J21,0.25)+2.25 -> 28.5
A22: CELERY / RED GRAPES (50 X 2.5oz) | B22: CELERY STICKS (50 X 2oz) | E22: ='Master Item List'!A61 -> GRAPES, RED (5# CASE) | F22: =(VLOOKUP($B22,'Master Item List'!$A$1:$V$320,13,FALSE)+VLOOKUP($E22,'Master Item List'!$A$1:$V$320,13,FALSE)) -> 36.807153 | G22: =$F22*1.25 -> 46.008941 | H22: =$F22*1.3 -> 47.849299 | I22: =$F22*1.35 -> 49.689656 | J22: =$F22*1.4 -> 51.530014 | K22: =MROUND(G22,0.25)+2.25 -> 48.25 | L22: =MROUND(H22,0.25)+2.25 -> 50 | M22: =MROUND(I22,0.25)+2.25 -> 52 | N22: =MROUND(J22,0.25)+2.25 -> 53.75
A23: CUCUMBER / PINEAPPLE (50 X 2.3oz) | B23: CUCUMBER, COINS (50 X 2oz) | E23: PINEAPPLE (50 X 2.3oz) | F23: =(VLOOKUP($B23,'Master Item List'!$A$1:$V$320,13,FALSE)+VLOOKUP($E23,'Master Item List'!$A$1:$V$320,13,FALSE))/2 -> 21.589605 | G23: =$F23*1.25 -> 26.987007 | H23: =$F23*1.3 -> 28.066487 | I23: =$F23*1.35 -> 29.145967 | J23: =$F23*1.4 -> 30.225447 | K23: =MROUND(G23,0.25)+2.25 -> 29.25 | L23: =MROUND(H23,0.25)+2.25 -> 30.25 | M23: =MROUND(I23,0.25)+2.25 -> 31.5 | N23: =MROUND(J23,0.25)+2.25 -> 32.5
A24: GRAPES / PINEAPPLES (50 X 2.3oz) | B24: ='Master Item List'!M61 -> 19.752778 | E24: ='Master Item List'!M295 -> 20.490625 | F24: =B24+E24 -> 40.243403 | G24: =$F24*1.25 -> 50.304253 | H24: =$F24*1.3 -> 52.316424 | I24: =$F24*1.35 -> 54.328594 | J24: =$F24*1.4 -> 56.340764 | K24: =MROUND(G24,0.25)+2.25 -> 52.5 | L24: =MROUND(H24,0.25)+2.25 -> 54.5 | M24: =MROUND(I24,0.25)+2.25 -> 56.5 | N24: =MROUND(J24,0.25)+2.25 -> 58.5
A25: GRAPE TOMATO / RED GRAPE (50 X 2.5oz) | B25: GRAPE TOMATO (50 X 2oz) | E25: GRAPES, RED (50 X 3oz) | F25: =(VLOOKUP($B25,'Master Item List'!$A$1:$V$320,13,FALSE)+VLOOKUP($E25,'Master Item List'!$A$1:$V$320,13,FALSE))/2 -> 26.247908 | G25: =$F25*1.25 -> 32.809886 | H25: =$F25*1.3 -> 34.122281 | I25: =$F25*1.35 -> 35.434676 | J25: =$F25*1.4 -> 36.747072 | K25: =MROUND(G25,0.25)+2.25 -> 35 | L25: =MROUND(H25,0.25)+2.25 -> 36.25 | M25: =MROUND(I25,0.25)+2.25 -> 37.75 | N25: =MROUND(J25,0.25)+2.25 -> 39
A26: GRAPE TOMATO / MANGO (50 X 2oz) | B26: GRAPE TOMATO (50 X 2oz) | E26: MANGO, CHUNKS (50x2oz) | F26: =(VLOOKUP($B26,'Master Item List'!$A$1:$V$320,13,FALSE)+VLOOKUP($E26,'Master Item List'!$A$1:$V$320,13,FALSE))/2 -> 25.357353 | G26: =$F26*1.25 -> 31.696691 | H26: =$F26*1.3 -> 32.964559 | I26: =$F26*1.35 -> 34.232426 | J26: =$F26*1.4 -> 35.500294 | K26: =MROUND(G26,0.25)+2.25 -> 34 | L26: =MROUND(H26,0.25)+2.25 -> 35.25 | M26: =MROUND(I26,0.25)+2.25 -> 36.5 | N26: =MROUND(J26,0.25)+2.25 -> 37.75
A27: HONEYDEW / GRAPES (50 X 2.7oz) | B27: HONEYDEW, CUBED, (50 X 2.7oz) | E27: ='Master Item List'!A61 -> GRAPES, RED (5# CASE) | F27: =(VLOOKUP($B27,'Master Item List'!$A$1:$V$320,13,FALSE)+VLOOKUP($E27,'Master Item List'!$A$1:$V$320,13,FALSE)) -> 45.577111 | G27: =$F27*1.25 -> 56.971389 | H27: =$F27*1.3 -> 59.250244 | I27: =$F27*1.35 -> 61.5291 | J27: =$F27*1.4 -> 63.807956 | K27: =MROUND(G27,0.25)+2.25 -> 59.25 | L27: =MROUND(H27,0.25)+2.25 -> 61.5 | M27: =MROUND(I27,0.25)+2.25 -> 63.75 | N27: =MROUND(J27,0.25)+2.25 -> 66
A28: HONEDEW / PINEAPPLES (50 X 2.3oz) | B28: HONEYDEW, CUBED, (50 X 2.7oz) | E28: PINEAPPLE (50 X 2.3oz) | F28: =(VLOOKUP($B28,'Master Item List'!$A$1:$V$320,13,FALSE)+VLOOKUP($E28,'Master Item List'!$A$1:$V$320,13,FALSE))/2 -> 25.076772 | G28: =$F28*1.25 -> 31.345965 | H28: =$F28*1.3 -> 32.599804 | I28: =$F28*1.35 -> 33.853642 | J28: =$F28*1.4 -> 35.107481 | K28: =MROUND(G28,0.25)+2.25 -> 33.5 | L28: =MROUND(H28,0.25)+2.25 -> 34.75 | M28: =MROUND(I28,0.25)+2.25 -> 36 | N28: =MROUND(J28,0.25)+2.25 -> 37.25
A29: JICAMA / GRAPES (50 X 2.3oz) | B29: JICAMA, STICKS (50 X 2oz) | E29: ='Master Item List'!A61 -> GRAPES, RED (5# CASE) | F29: =(VLOOKUP($B29,'Master Item List'!$A$1:$V$320,13,FALSE)+VLOOKUP($E29,'Master Item List'!$A$1:$V$320,13,FALSE)) -> 38.915278 | G29: =$F29*1.25 -> 48.644097 | H29: =$F29*1.3 -> 50.589861 | I29: =$F29*1.35 -> 52.535625 | J29: =$F29*1.4 -> 54.481389 | K29: =MROUND(G29,0.25)+2.25 -> 51 | L29: =MROUND(H29,0.25)+2.25 -> 52.75 | M29: =MROUND(I29,0.25)+2.25 -> 54.75 | N29: =MROUND(J29,0.25)+2.25 -> 56.75
A30: JICAMA / MANGO (50 X 2oz) | B30: JICAMA, STICKS (50 X 2oz) | E30: MANGO, CHUNKS (50x2oz) | F30: =(VLOOKUP($B30,'Master Item List'!$A$1:$V$320,13,FALSE)+VLOOKUP($E30,'Master Item List'!$A$1:$V$320,13,FALSE))/2 -> 23.69375 | G30: =$F30*1.25 -> 29.617188 | H30: =$F30*1.3 -> 30.801875 | I30: =$F30*1.35 -> 31.986563 | J30: =$F30*1.4 -> 33.17125 | K30: =MROUND(G30,0.25)+2.25 -> 31.75 | L30: =MROUND(H30,0.25)+2.25 -> 33 | M30: =MROUND(I30,0.25)+2.25 -> 34.25 | N30: =MROUND(J30,0.25)+2.25 -> 35.5
A31: JICAMA / PINEAPPLE (50 X 2.3oz) | B31: JICAMA, STICKS (50 X 2oz) | E31: PINEAPPLE (50 X 2.3oz) | F31: =(VLOOKUP($B31,'Master Item List'!$A$1:$V$320,13,FALSE)+VLOOKUP($E31,'Master Item List'!$A$1:$V$320,13,FALSE))/2 -> 21.745855 | G31: =$F31*1.25 -> 27.182319 | H31: =$F31*1.3 -> 28.269612 | I31: =$F31*1.35 -> 29.356905 | J31: =$F31*1.4 -> 30.444197 | K31: =MROUND(G31,0.25)+2.25 -> 29.5 | L31: =MROUND(H31,0.25)+2.25 -> 30.5 | M31: =MROUND(I31,0.25)+2.25 -> 31.5 | N31: =MROUND(J31,0.25)+2.25 -> 32.75
A32: PEAR / GRAPE (50 X 2.3oz) | B32: ='Master Item List'!A290 -> MINI SWEET PEPPER W/RANCH 50/2OZ | E32: ='Master Item List'!A61 -> GRAPES, RED (5# CASE) | F32: =(VLOOKUP($B32,'Master Item List'!$A$1:$V$320,13,FALSE)+VLOOKUP($E32,'Master Item List'!$A$1:$V$320,13,FALSE)) -> 72.827778 | G32: =$F32*1.25 -> 91.034722 | H32: =$F32*1.3 -> 94.676111 | I32: =$F32*1.35 -> 98.3175 | J32: =$F32*1.4 -> 101.95889 | K32: =MROUND(G32,0.25)+2.25 -> 93.25 | L32: =MROUND(H32,0.25)+2.25 -> 97 | M32: =MROUND(I32,0.25)+2.25 -> 100.5 | N32: =MROUND(J32,0.25)+2.25 -> 104.25
A33: SUGARSNAPS / PEPPER STICKS (50 X 2oz) | B33: ='Master Item List'!A293 -> PAPAYA, CHUNKS SNAKPAK (50/2oz) | E33: ='Master Item List'!A309 -> RICE 50/6OZ | F33: =(VLOOKUP($B33,'Master Item List'!$A$1:$V$320,13,FALSE)+VLOOKUP($E33,'Master Item List'!$A$1:$V$320,13,FALSE))/2 -> 49.2375 | G33: =$F33*1.25 -> 61.546875 | H33: =$F33*1.3 -> 64.00875 | I33: =$F33*1.35 -> 66.470625 | J33: =$F33*1.4 -> 68.9325 | K33: =MROUND(G33,0.25)+2.25 -> 63.75 | L33: =MROUND(H33,0.25)+2.25 -> 66.25 | M33: =MROUND(I33,0.25)+2.25 -> 68.75 | N33: =MROUND(J33,0.25)+2.25 -> 71.25
A34: STRAWBERRIES / BLUEBERRIES (50 X 2oz) | B34: ='Master Item List'!A301 -> PEPPER STICK, RED, YELLOW W/ RANCH (50 X 2oz) | E34: ='Master Item List'!A195 -> BROCCOLI & CAULIFLOWER MIX (50 X 2oz) | F34: =(VLOOKUP($B34,'Master Item List'!$A$1:$V$320,13,FALSE)+VLOOKUP($E34,'Master Item List'!$A$1:$V$320,13,FALSE))/2 -> 21.808504 | G34: =$F34*1.25 -> 27.26063 | H34: =$F34*1.3 -> 28.351056 | I34: =$F34*1.35 -> 29.441481 | J34: =$F34*1.4 -> 30.531906 | K34: =MROUND(G34,0.25)+2.25 -> 29.5 | L34: =MROUND(H34,0.25)+2.25 -> 30.5 | M34: =MROUND(I34,0.25)+2.25 -> 31.75 | N34: =MROUND(J34,0.25)+2.25 -> 32.75
A35: PEPPER RED / YELLOW MATCHSTICK | B35: ='Master Item List'!A112 -> PEPPER, RED WHOLE (5# CASE) | E35: ='Master Item List'!A115 -> PEPPER, YELLOW DICED (10# TRAY) | F35: =(VLOOKUP($B35,'Master Item List'!$A$1:$V$320,13,FALSE)+VLOOKUP($E35,'Master Item List'!$A$1:$V$320,13,FALSE))/2 -> 24.5725 | G35: =$F35*1.25 -> 30.715625 | H35: =$F35*1.3 -> 31.94425 | I35: =$F35*1.35 -> 33.172875 | J35: =$F35*1.4 -> 34.4015 | K35: =MROUND(G35,0.25)+2.25 -> 33 | L35: =MROUND(H35,0.25)+2.25 -> 34.25 | M35: =MROUND(I35,0.25)+2.25 -> 35.5 | N35: =MROUND(J35,0.25)+2.25 -> 36.75
A36: APPLE / RED GRAPES | B36: ='Master Item List'!A181 -> APPLE, TURNIPS MIX (50 X 2oz) | E36: ='Master Item List'!A61 -> GRAPES, RED (5# CASE) | F36: =(VLOOKUP($B36,'Master Item List'!$A$1:$V$320,13,FALSE)+VLOOKUP($E36,'Master Item List'!$A$1:$V$320,13,FALSE)) -> 41.080388 | G36: =$F36*1.25 -> 51.350485 | H36: =$F36*1.3 -> 53.404504 | I36: =$F36*1.35 -> 55.458524 | J36: =$F36*1.4 -> 57.512543 | K36: =MROUND(G36,0.25)+2.25 -> 53.5 | L36: =MROUND(H36,0.25)+2.25 -> 55.75 | M36: =MROUND(I36,0.25)+2.25 -> 57.75 | N36: =MROUND(J36,0.25)+2.25 -> 59.75
A37: STRAWBERRIES / GRAPES | B37: ='Master Item List'!A301 -> PEPPER STICK, RED, YELLOW W/ RANCH (50 X 2oz) | E37: ='Master Item List'!A61 -> GRAPES, RED (5# CASE) | F37: =(VLOOKUP($B37,'Master Item List'!$A$1:$V$320,13,FALSE)+VLOOKUP($E37,'Master Item List'!$A$1:$V$320,13,FALSE)/2) -> 31.702859 | G37: =$F37*1.25 -> 39.628574 | H37: =$F37*1.3 -> 41.213717 | I37: =$F37*1.35 -> 42.79886 | J37: =$F37*1.4 -> 44.384003 | K37: =MROUND(G37,0.25)+2.25 -> 42 | L37: =MROUND(H37,0.25)+2.25 -> 43.5 | M37: =MROUND(I37,0.25)+2.25 -> 45 | N37: =MROUND(J37,0.25)+2.25 -> 46.75
A38: TROPICAL BLEND (50/2.7oz) | B38: ='Master Item List'!A295 -> PARSNIP & TURNIPS W/RANCH (50/2OZ | D38: ='Master Item List'!A283 -> KIWI, WEDGED SNAKPAK (50 X 2oz) | E38: ='Master Item List'!A279 -> JICAMA, STICKS (50 X 2oz) | F38: =(VLOOKUP($B38,'Master Item List'!$A$1:$V$320,13,FALSE)+VLOOKUP($E38,'Master Item List'!$A$1:$V$320,13,FALSE+VLOOKUP($D38,'Master Item List'!$A$1:$V$320,13,FALSE))/3) -> 25.454413 | G38: =$F38*1.25 -> 31.818016 | H38: =$F38*1.3 -> 33.090737 | I38: =$F38*1.35 -> 34.363457 | J38: =$F38*1.4 -> 35.636178 | K38: =MROUND(G38,0.25)+2.25 -> 34 | L38: =MROUND(H38,0.25)+2.25 -> 35.25 | M38: =MROUND(I38,0.25)+2.25 -> 36.5 | N38: =MROUND(J38,0.25)+2.25 -> 38
A39: BROCCOLI SLAW (4X3#CS) | B39: ='Master Item List'!A13 -> BROCCOLI FLORETS (4X3# CASE) | D39: ='Master Item List'!#REF! -> #REF! | E39: ='Master Item List'!A21 -> CABBAGE, SHRED RED (20# CASE) | F39: =(VLOOKUP($B39,'Master Item List'!$A$1:$V$320,13,FALSE)+VLOOKUP($E39,'Master Item List'!$A$1:$V$320,13,FALSE+VLOOKUP($D39,'Master Item List'!$A$1:$V$320,13,FALSE))/3) -> #REF! | G39: =$F39*1.25 -> #REF! | H39: =$F39*1.3 -> #REF! | I39: =$F39*1.35 -> #REF! | J39: =$F39*1.4 -> #REF! | K39: =MROUND(G39,0.25)+2.25 -> #REF! | L39: =MROUND(H39,0.25)+2.25 -> #REF! | M39: =MROUND(I39,0.25)+2.25 -> #REF! | N39: =MROUND(J39,0.25)+2.25 -> #REF!
A40: BROCCOLI SLAW (4X3#CS) | B40: =(('Raw Cost'!B12/12)*8) -> 14.666667 | D40: =(('Raw Cost'!B17/35)*2) -> 1.4285714 | E40: =(('Raw Cost'!B20/35)*2) -> 1.7142857 | F40: =(VLOOKUP($B40,'Master Item List'!$A$1:$V$320,13,FALSE)+VLOOKUP($E40,'Master Item List'!$A$1:$V$320,13,FALSE+VLOOKUP($D40,'Master Item List'!$A$1:$V$320,13,FALSE))/3) -> #N/A | G40: =$F40*1.25 -> #N/A | H40: =$F40*1.3 -> #N/A | I40: =$F40*1.35 -> #N/A | J40: =$F40*1.4 -> #N/A | K40: =MROUND(G40,0.25)+2.25 -> #N/A | L40: =MROUND(H40,0.25)+2.25 -> #N/A | M40: =MROUND(I40,0.25)+2.25 -> #N/A | N40: =MROUND(J40,0.25)+2.25 -> #N/A
A41: ASPARAGUS / LEMON WEDGES 50/2.3OZ | B41: ='Master Item List'!A184 -> ASPARAGUS & LEMON WEDGES W/RANCH (50 X 2oz) | E41: ='Master Item List'!A335 -> WATERMELON RADISH STICKS (50 X 2oz) | F41: =(VLOOKUP($B41,'Master Item List'!$A$1:$V$362,13,FALSE)+VLOOKUP($E41,'Master Item List'!$A$1:$V$362,13,FALSE))/2 -> 24.227604 | G41: =$F41*1.25 -> 30.284505 | H41: =$F41*1.3 -> 31.495885 | I41: =$F41*1.35 -> 32.707266 | J41: =$F41*1.4 -> 33.918646 | K41: =MROUND(G41,0.25)+2.25 -> 32.5 | L41: =MROUND(H41,0.25)+2.25 -> 33.75 | M41: =MROUND(I41,0.25)+2.25 -> 35 | N41: =MROUND(J41,0.25)+2.25 -> 36.25
A42: TRICOLOR CAULIFLOWER | B42: ='Master Item List'!A227 -> CARROTS, SUGAR SNAPS W/RANCH (50 X 2oz) | E42: ='Master Item List'!A336 -> WATERMELON, SNAKPAK, (50 X 2oz) | F42: =(VLOOKUP($B42,'Master Item List'!$A$1:$V$320,13,FALSE)+VLOOKUP($E42,'Master Item List'!$A$1:$V$362,13,FALSE))/2 -> 24.586607 | G42: =$F42*1.25 -> 30.733259 | H42: =$F42*1.3 -> 31.962589 | I42: =$F42*1.35 -> 33.19192 | J42: =$F42*1.4 -> 34.42125 | K42: =MROUND(G42,0.25)+1 -> 31.75 | L42: =MROUND(H42,0.25)+1 -> 33 | M42: =MROUND(I42,0.25)+1 -> 34.25 | N42: =MROUND(J42,0.25)+1 -> 35.5
A43: FRUIT MIX | B43: ='Master Item List'!A23 -> CANTALOUPE, HALVED (5#CASE) | C43: ='Master Item List'!A60 -> GRAPES, RED (1# CASE) | D43: ='Master Item List'!A65 -> HONEYDEW, HALVED (5# CASE) | E43: ='Master Item List'!A120 -> PINEAPPLE CUT (5# CASE) | F43: =(VLOOKUP($B43,'Master Item List'!$A$1:$V$320,13,FALSE)+VLOOKUP($E43,'Master Item List'!$A$1:$V$320,13,FALSE)+VLOOKUP($C43,'Master Item List'!$A$1:$V$320,13,FALSE)+VLOOKUP($D43,'Master Item List'!$A$1:$V$320,13,FALSE))/4 -> 13.451944 | G43: =$F43*1.25 -> 16.814931 | H43: =$F43*1.3 -> 17.487528 | I43: =$F43*1.35 -> 18.160125 | J43: =$F43*1.4 -> 18.832722 | K43: =MROUND(G43,0.25)+2.25 -> 19 | L43: =MROUND(H43,0.25)+2.25 -> 19.75 | M43: =MROUND(I43,0.25)+2.25 -> 20.5 | N43: =MROUND(J43,0.25)+2.25 -> 21
A44: STRAWBERRIES / MANGO | B44: ='Master Item List'!A301 -> PEPPER STICK, RED, YELLOW W/ RANCH (50 X 2oz) | E44: ='Master Item List'!A279 -> JICAMA, STICKS (50 X 2oz) | F44: =(VLOOKUP($B44,'Master Item List'!$A$1:$V$320,13,FALSE)+VLOOKUP($E44,'Master Item List'!$A$1:$V$320,13,FALSE))/2 -> 20.494485 | G44: =$F44*1.25 -> 25.618107 | H44: =$F44*1.3 -> 26.642831 | I44: =$F44*1.35 -> 27.667555 | J44: =$F44*1.4 -> 28.692279 | K44: =MROUND(G44,0.25)+2.25 -> 27.75 | L44: =MROUND(H44,0.25)+2.25 -> 29 | M44: =MROUND(I44,0.25)+2.25 -> 30 | N44: =MROUND(J44,0.25)+2.25 -> 31
F45: =(VLOOKUP($B45,'Master Item List'!$A$1:$V$320,13,FALSE)+VLOOKUP($E45,'Master Item List'!$A$1:$V$320,13,FALSE))/2 -> #N/A
F46: =(VLOOKUP($B46,'Master Item List'!$A$1:$V$320,13,FALSE)+VLOOKUP($E46,'Master Item List'!$A$1:$V$320,13,FALSE))/2 -> #N/A
F47: =(VLOOKUP($B47,'Master Item List'!$A$1:$V$320,13,FALSE)+VLOOKUP($E47,'Master Item List'!$A$1:$V$320,13,FALSE))/2 -> #N/A
F48: =(VLOOKUP($B48,'Master Item List'!$A$1:$V$320,13,FALSE)+VLOOKUP($E48,'Master Item List'!$A$1:$V$320,13,FALSE))/2 -> #N/A
F49: =(VLOOKUP($B49,'Master Item List'!$A$1:$V$320,13,FALSE)+VLOOKUP($E49,'Master Item List'!$A$1:$V$320,13,FALSE))/2 -> #N/A
F50: =(VLOOKUP($B50,'Master Item List'!$A$1:$V$320,13,FALSE)+VLOOKUP($E50,'Master Item List'!$A$1:$V$320,13,FALSE))/2 -> #N/A
F51: =(VLOOKUP($B51,'Master Item List'!$A$1:$V$320,13,FALSE)+VLOOKUP($E51,'Master Item List'!$A$1:$V$320,13,FALSE))/2 -> #N/A
F52: =(VLOOKUP($B52,'Master Item List'!$A$1:$V$320,13,FALSE)+VLOOKUP($E52,'Master Item List'!$A$1:$V$320,13,FALSE))/2 -> #N/A
F53: =(VLOOKUP($B53,'Master Item List'!$A$1:$V$320,13,FALSE)+VLOOKUP($E53,'Master Item List'!$A$1:$V$320,13,FALSE))/2 -> #N/A
F54: =(VLOOKUP($B54,'Master Item List'!$A$1:$V$320,13,FALSE)+VLOOKUP($E54,'Master Item List'!$A$1:$V$320,13,FALSE))/2 -> #N/A

Sheet COMPLETE MARK UP 
A1: CODE | B1: ITEM | C1: PRICE | D1: UNIT COST | E1: 30% MARK UP | F1: 35% MARK UP | G1: 40% MARK UP | H1: MARK UP $ | I1: PERCENTAGE
A2: 398 | B2: A-Apples CHL 100/2oz | C2: 32.5 | D2: ='Master Item List'!M180 -> 17.397414 | E2: ='Master Item List'!T180 -> 22.5 | F2: ='Master Item List'!U180 -> 23.5 | G2: ='Master Item List'!V180 -> 24.25 | H2: =C2-D2 -> 15.102586 | I2: =H2/D2 -> 0.86809375 | K2: 0.3 | L2: 0.4 | M2: 0.45
A3: 2078 | B3: A-Apples, Green Diced 1" 4/5# | C3: 46.75 | D3: ='Master Item List'!M6 -> 40.509483 | E3: ='Master Item List'!T6 -> 52.75 | F3: ='Master Item List'!U6 -> 54.75 | G3: ='Master Item List'!V6 -> 56.75 | H3: =C3-D3 -> 6.2405172 | I3: =H3/D3 -> 0.15405078 | K3: 6 | L3: 10
A4: 1159 | B4: A-Apples, Green Sliced 10/1# | C4: 33.5 | D4: ='Master Item List'!M8-1 -> 27.22569 | E4: ='Master Item List'!T8-1 -> 35.75 | F4: ='Master Item List'!U8-1 -> 37 | G4: ='Master Item List'!V8-1 -> 38.5 | H4: =C4-D4 -> 6.2743103 | I4: =H4/D4 -> 0.23045552
A5: 2075 | B5: A-Apples, Green/Pear 100/2oz | C5: 49.25 | D5: ='Combo Pricing'!F3 -> 37.709601 | E5: ='Combo Pricing'!L2 -> 26.75 | F5: ='Combo Pricing'!M2 -> 27.75 | G5: ='Combo Pricing'!N2 -> 28.75 | H5: =C5-D5 -> 11.540399 | I5: =H5/D5 -> 0.30603343
A6: 2079 | B6: A-Apples, Red Diced 1" 4/5# | C6: 37.25 | D6: ='Master Item List'!M5 -> 23.749138 | E6: ='Master Item List'!T5 -> 30.75 | F6: ='Master Item List'!U5 -> 32 | G6: ='Master Item List'!V5 -> 33.25 | H6: =C6-D6 -> 13.500862 | I6: =H6/D6 -> 0.56847798
A7: 1158 | B7: A-Apples, Red Sliced 10/1# | C7: 29.25 | D7: ='Master Item List'!M4-1 -> 23.648448 | E7: ='Master Item List'!T4 -> 32 | F7: ='Master Item List'!U4 -> 33.25 | G7: ='Master Item List'!V4 -> 34.5 | H7: =C7-D7 -> 5.6015517 | I7: =H7/D7 -> 0.23686762
A8: 999 | B8: A-Apples, Red Sliced 4/3# | C8: 30.25 | D8: =D7+1 -> 24.648448 | E8: =E7+1 -> 33 | F8: =F7+1 -> 34.25 | G8: =G7+1 -> 35.5 | H8: =C8-D8 -> 5.6015517 | I8: =H8/D8 -> 0.22725778
A9: 3173 | B9: A-Apples, Red Wedged 5# | C9: 13.5 | D9: ='Master Item List'!M5/4 -> 5.9372845 | E9: ='Master Item List'!T5/4 -> 7.6875 | F9: ='Master Item List'!U5/4 -> 8 | G9: ='Master Item List'!V5/4 -> 8.3125 | H9: =C9-D9 -> 7.5627155 | I9: =H9/D9 -> 1.2737667
A10: 2034 | B10: A-Apples, Sliced Gala 100/2oz. | C10: 32.5 | D10: =D2 -> 17.397414 | E10: =E2 -> 22.5 | F10: =F2 -> 23.5 | G10: =G2 -> 24.25 | H10: =C10-D10 -> 15.102586 | I10: =H10/D10 -> 0.86809375
A11: 3246 | B11: A-Apples/Carrot 50/2oz | C11: 32.25 | D11: ='Master Item List'!M172 -> 22.074138 | E11: ='Combo Pricing'!L4 -> #N/A | F11: ='Combo Pricing'!M4 -> #N/A | G11: ='Combo Pricing'!N4 -> #N/A | H11: =C11-D11 -> 10.175862 | I11: =H11/D11 -> 0.46098571
A12: 3247 | B12: A-Apples/Carrot w/Ranch 50/2oz | C12: =C11+15 -> 47.25 | D12: =D11+'Raw Cost'!F1 -> 31.274138 | H12: =C12-D12 -> 15.975862 | I12: =H12/D12 -> 0.51083301
A13: 3248 | B13: A-Apples/Carrot w/Tajin 50/2oz | C13: =C11+15 -> 47.25 | D13: =D11+'Raw Cost'!F3 -> 25.574138 | H13: =C13-D13 -> 21.675862 | I13: =H13/D13 -> 0.84756961
A14: 4726 | B14: A-Apples/Celery 50/2oz | C14: 29.25 | D14: ='Combo Pricing'!F5 -> 17.225894 | E14: ='Combo Pricing'!L5 -> 24.75 | F14: ='Combo Pricing'!M5 -> 25.5 | G14: ='Combo Pricing'!N5 -> 26.25 | H14: =C14-D14 -> 12.024106 | I14: =H14/D14 -> 0.69802504
A15: 3249 | B15: A-Apples/Celery w/Ranch 50/2oz | C15: =C14+15 -> 44.25 | D15: =D14+'Raw Cost'!F1 -> 26.425894 | H15: =C15-D15 -> 17.824106 | I15: =H15/D15 -> 0.67449394
A16: 3250 | B16: A-Apples/Celery w/Tajin 50/2oz | C16: =C14+15 -> 44.25 | D16: =D14+'Raw Cost'!F3 -> 20.725894 | H16: =C16-D16 -> 23.524106 | I16: =H16/D16 -> 1.1350104
A17: 4631 | B17: A-Apples/Grapes 50/2.3oz | C17: 32.25 | D17: ='Combo Pricing'!F36 -> 41.080388 | E17: ='Combo Pricing'!L36 -> 55.75 | F17: ='Combo Pricing'!M36 -> 57.75 | G17: ='Combo Pricing'!N36 -> 59.75 | H17: =C17-D17 -> -8.8303879 | I17: =H17/D17 -> -0.21495386
A18: 3251 | B18: A-Apples/Grapes w/Tajin 50/2.3oz | C18: =C17+15 -> 47.25 | D18: =D17+'Raw Cost'!F3 -> 44.580388 | H18: =C18-D18 -> 2.6696121 | I18: =H18/D18 -> 0.059883105
A19: 395 | B19: A-Apples/Pears 50/2oz | C19: 31.5 | D19: ='Master Item List'!M179 -> 25.819828 | E19: ='Combo Pricing'!L2/2 -> 13.375 | F19: ='Combo Pricing'!M2/2 -> 13.875 | G19: ='Combo Pricing'!N2/2 -> 14.375 | H19: =C19-D19 -> 5.6801724 | I19: =H19/D19 -> 0.21999265
A20: 3253 | B20: A-Apples/Pears w/Tajin 50/2oz | C20: =C19+15 -> 46.5 | D20: =D19+'Raw Cost'!F3 -> 29.319828 | H20: =C20-D20 -> 17.180172 | I20: =H20/D20 -> 0.58595748
A21: 4729 | B21: A-Apples/Turnips 50/2oz | C21: 29.25 | D21: ='Combo Pricing'!F7 -> #N/A | E21: ='Combo Pricing'!L7 -> #N/A | F21: ='Combo Pricing'!M7 -> #N/A | G21: ='Combo Pricing'!N7 -> #N/A | H21: =C21-D21 -> #N/A | I21: =H21/D21 -> #N/A
A22: 3254 | B22: A-Apples/Turnips w/Tajin 50/2oz | C22: =C21+15 -> 44.25 | D22: =D21+'Raw Cost'!F3 -> #N/A | H22: =C22-D22 -> #N/A | I22: =H22/D22 -> #N/A
A23: 3179 | B23: A-Asparagus 50/2oz | C23: 48.25 | D23: ='Master Item List'!M184 -> 24.396875 | E23: ='Master Item List'!T184 -> 47.75 | F23: ='Master Item List'!U184 -> 49 | G23: ='Master Item List'!V184 -> 50.25 | H23: =C23-D23 -> 23.853125 | I23: =H23/D23 -> 0.97771231
A24: 3255 | B24: A-Asparagus w/Ranch 50/2oz | C24: =C23+15 -> 63.25 | D24: =D23+'Raw Cost'!F1 -> 33.596875 | H24: =C24-D24 -> 29.653125 | I24: =H24/D24 -> 0.88261557
A25: 3256 | B25: A-Asparagus w/Tajin 50/2oz | C25: =C23+15 -> 63.25 | D25: =D23+'Raw Cost'!F3 -> 27.896875 | H25: =C25-D25 -> 35.353125 | I25: =H25/D25 -> 1.267279
A26: 3156 | B26: B-Beet, Gold Coin Cut 50/2oz | C26: 34.75 | D26: ='Master Item List'!M192 -> 55.725 | E26: ='Master Item List'!T192 -> 72.5 | F26: ='Master Item List'!U192 -> 75.25 | G26: ='Master Item List'!V192 -> 78 | H26: =C26-D26 -> -20.975 | I26: =H26/D26 -> -0.37640197
A27: 2834 | B27: B-Beets, Diced CANDY STRIPE 1' 2/5# | C27: 37.5 | D27: ='Master Item List'!M10 -> 17.775 | E27: ='Master Item List'!T10 -> 23 | F27: ='Master Item List'!U10 -> 24 | G27: ='Master Item List'!V10 -> 25 | H27: =C27-D27 -> 19.725 | I27: =H27/D27 -> 1.1097046
A28: 2833 | B28: B-Beets, Diced GOLD 1" 2/5# | C28: 37.25 | D28: ='Master Item List'!M11 -> 26.663889 | E28: ='Master Item List'!T11 -> 34.75 | F28: ='Master Item List'!U11 -> 36 | G28: ='Master Item List'!V11 -> 37.25 | H28: =C28-D28 -> 10.586111 | I28: =H28/D28 -> 0.39702052
A29: 509 | B29: B-Beets, Diced RED 1" 2/5# | C29: 28.25 | D29: ='Master Item List'!M9 -> 27.219444 | E29: ='Master Item List'!T9 -> 35.5 | F29: ='Master Item List'!U9 -> 36.75 | G29: ='Master Item List'!V9 -> 38 | H29: =C29-D29 -> 1.0305556 | I29: =H29/D29 -> 0.037861006
A30: 3257 | B30: B-Beets, Gold Coins w/Ranch 50/2oz | C30: =C26+15 -> 49.75 | D30: =D26+'Raw Cost'!F1 -> 64.925 | H30: =C30-D30 -> -15.175 | I30: =H30/D30 -> -0.23373123
A31: 3258 | B31: B-Beets, Gold Coins w/Tajin 50/2oz | C31: =C26+15 -> 49.75 | D31: =D26+'Raw Cost'!F3 -> 59.225 | H31: =C31-D31 -> -9.475 | I31: =H31/D31 -> -0.15998312
A32: 333 | B32: B-Beets, Peeled 2/5# | C32: 28.25 | D32: =D29 -> 27.219444 | E32: =E29 -> 35.5 | F32: =F29 -> 36.75 | G32: =G29 -> 38 | H32: =C32-D32 -> 1.0305556 | I32: =H32/D32 -> 0.037861006
A33: 963 | B33: B-Beets, Sliced 2/5# | C33: 28.25 | D33: =D32 -> 27.219444 | E33: =E32 -> 35.5 | F33: =F32 -> 36.75 | G33: =G32 -> 38 | H33: =C33-D33 -> 1.0305556 | I33: =H33/D33 -> 0.037861006
A34: 3265 | B34: B-Black Beans 50/4oz | C34: 35.25 | D34: ='Master Item List'!M191 -> 23.705556 | E34: ='Master Item List'!T191 -> 30.75 | F34: ='Master Item List'!U191 -> 32 | G34: ='Master Item List'!V191 -> 33.25 | H34: =C34-D34 -> 11.544444 | I34: =H34/D34 -> 0.4869932
A35: 994 | B35: B-Blueberries 50/2oz | C35: 67.5 | D35: ='Master Item List'!M195 -> 21.790538 | E35: ='Master Item List'!T195 -> 28.25 | F35: ='Master Item List'!U195 -> 29.5 | G35: ='Master Item List'!V195 -> 30.5 | H35: =C35-D35 -> 45.709462 | I35: =H35/D35 -> 2.0976748
A36: 3266 | B36: B-Blueberries w/Tajin 50/2oz | C36: =C35+15 -> 82.5 | D36: =D35+'Raw Cost'!F3 -> 25.290538 | H36: =C36-D36 -> 57.209462 | I36: =H36/D36 -> 2.2620895
A37: 2458 | B37: B-Bok Choy, Chopped 4/5# | C37: 48.5 | D37: ='Master Item List'!M12 -> 37.298333 | E37: ='Master Item List'!T12 -> 48.5 | F37: ='Master Item List'!U12 -> 50.25 | G37: ='Master Item List'!V12 -> 52.25 | H37: =C37-D37 -> 11.201667 | I37: =H37/D37 -> 0.3003262
A38: 2422 | B38: B-Broc/Cauliflower w/Ranch 50/2oz | C38: =C45+15 -> 48.25 | D38: =D45+'Raw Cost'!F1 -> 31.473611 | H38: =C38-D38 -> 16.776389 | I38: =H38/D38 -> 0.53303032
A39: 2440 | B39: B-Broc/Cauliflower w/Tajin 50/2oz | C39: =C45+15 -> 48.25 | D39: =D45+'Raw Cost'!F3 -> 25.773611 | H39: =C39-D39 -> 22.476389 | I39: =H39/D39 -> 0.87206984
A40: 1193 | B40: B-Broccoli 50/2oz | C40: 29.25 | D40: ='Master Item List'!M196 -> 21.790538 | E40: ='Master Item List'!T196 -> 44.25 | F40: ='Master Item List'!U196 -> 45.5 | G40: ='Master Item List'!V196 -> 46.5 | H40: =C40-D40 -> 7.4594618 | I40: =H40/D40 -> 0.34232573
A41: 4751 | B41: B-Broccoli 50/4oz | C41: 36.25 | D41: ='Master Item List'!M197 -> 20.794444 | E41: {='Master Item List'!T197:V197} -> 27 | F41: 28 | G41: 29 | H41: =C41-D41 -> 15.455556 | I41: =H41/D41 -> 0.74325407
A42: 1197 | B42: B-Broccoli Slaw 4/3# | C42: 32.5 | D42: ='Master Item List'!M15 -> 24.217857 | E42: ='Master Item List'!T15 -> 31.5 | F42: ='Master Item List'!U15 -> 32.75 | G42: ='Master Item List'!V15 -> 34 | H42: =C42-D42 -> 8.2821429 | I42: =H42/D42 -> 0.34198496
A43: 2409 | B43: B-Broccoli w/Ranch 50/2oz | C43: =C40+15 -> 44.25 | D43: =D40+'Raw Cost'!F1 -> 30.990538 | H43: =C43-D43 -> 13.259462 | I43: =H43/D43 -> 0.42785516
A44: 1189 | B44: B-Broccoli w/Tajin 50/2oz | C44: =C40+15 -> 44.25 | D44: =D40+'Raw Cost'!F3 -> 25.290538 | H44: =C44-D44 -> 18.959462 | I44: =H44/D44 -> 0.74966621
A45: 2031 | B45: B-Broccoli/Cauilflower 50/2oz | C45: 33.25 | D45: ='Combo Pricing'!F8 -> 22.273611 | E45: ='Combo Pricing'!L8 -> 31.25 | F45: ='Combo Pricing'!M8 -> 32.25 | G45: ='Combo Pricing'!N8 -> 33.5 | H45: =C45-D45 -> 10.976389 | I45: =H45/D45 -> 0.4927979
A46: 3260 | B46: B-Broccoli/Grape Tom w/Ranch 50/2oz | C46: =C48+15 -> 46.75 | D46: =D48+'Raw Cost'!F1 -> 29.626797 | H46: =C46-D46 -> 17.123203 | I46: =H46/D46 -> 0.57796333
A47: 3261 | B47: B-Broccoli/Grape Tom w/Tajin 50/2oz | C47: =C48+15 -> 46.75 | D47: =D48+'Raw Cost'!F3 -> 23.926797 | H47: =C47-D47 -> 22.823203 | I47: =H47/D47 -> 0.9538762
A48: 3259 | B48: B-Broccoli/Grape Tomato 50/2oz | C48: 31.75 | D48: ='Combo Pricing'!F9 -> 20.426797 | E48: ='Combo Pricing'!L9 -> 28.75 | F48: ='Combo Pricing'!M9 -> 29.75 | G48: ='Combo Pricing'!N9 -> 30.75 | H48: =C48-D48 -> 11.323203 | I48: =H48/D48 -> 0.55433078
A49: 3262 | B49: B-Broccoli/Sugar Snap 50/2oz | C49: 35.25 | D49: ='Combo Pricing'!F10 -> 43.369444 | E49: ='Combo Pricing'!L10 -> 58.75 | F49: ='Combo Pricing'!M10 -> 60.75 | G49: ='Combo Pricing'!N10 -> 63 | H49: =C49-D49 -> -8.1194444 | I49: =H49/D49 -> -0.18721578
A50: 3263 | B50: B-Broccoli/SugarSnap w/Ranch 50/2oz | C50: =C49+15 -> 50.25 | D50: =D49+'Raw Cost'!F1 -> 52.569444 | H50: =C50-D50 -> -2.3194444 | I50: =H50/D50 -> -0.044121532
A51: 3264 | B51: B-Broccoli/SugarSnap w/Tajin 50/2oz | C51: =C49+15 -> 50.25 | D51: =D49+'Raw Cost'!F3 -> 46.869444 | H51: =C51-D51 -> 3.3805556 | I51: =H51/D51 -> 0.072127067
A52: 4581 | B52: B-Brussel Sprout, Halved 4/5# | C52: 81.5 | D52: ='Master Item List'!M17 -> 55.855 | E52: ='Master Item List'!T17 -> 72.5 | F52: ='Master Item List'!U17 -> 75.5 | G52: ='Master Item List'!V17 -> 78.25 | H52: =C52-D52 -> 25.645 | I52: =H52/D52 -> 0.45913526
A53: 1429 | B53: B-Brussel Sprouts, Shaved 4/5# | C53: 81.5 | D53: =D52 -> 55.855 | E53: =E52 -> 72.5 | F53: =F52 -> 75.5 | G53: =G52 -> 78.25 | H53: =C53-D53 -> 25.645 | I53: =H53/D53 -> 0.45913526
A54: 1446 | B54: B-Brussel Sprouts, Shredded 4/5# | C54: 72.25 | D54: ='Master Item List'!M16 -> 46.455 | E54: ='Master Item List'!T16 -> 60.5 | F54: ='Master Item List'!U16 -> 62.75 | G54: ='Master Item List'!V16 -> 65 | H54: =C54-D54 -> 25.795 | I54: =H54/D54 -> 0.55526854
A55: 515 | B55: C-Cabbage, Chopped 4/5# | C55: 20 | D55: ='Master Item List'!M19 -> 17.819286 | E55: ='Master Item List'!T19 -> 23.25 | F55: ='Master Item List'!U19 -> 24 | G55: ='Master Item List'!V19 -> 25 | H55: =C55-D55 -> 2.1807143 | I55: =H55/D55 -> 0.12237944
A56: 4709 | B56: C-Cabbage, Green 1/4" Diced 4/5# | C56: 18.5 | D56: ='Master Item List'!M43 -> 17.819286 | E56: ='Master Item List'!T43 -> 23.25 | F56: ='Master Item List'!U43 -> 24 | G56: ='Master Item List'!V43 -> 25 | H56: =C56-D56 -> 0.68071429 | I56: =H56/D56 -> 0.038200986
A57: 4711 | B57: C-Cabbage, Red 1/8" Julienne 4/5# | C57: 32.5 | D57: ='Master Item List'!M21 -> 22.390714 | E57: ='Master Item List'!T21 -> 29 | F57: ='Master Item List'!U21 -> 30.25 | G57: ='Master Item List'!V21 -> 31.25 | H57: =C57-D57 -> 10.109286 | I57: =H57/D57 -> 0.45149456
A58: 43 | B58: C-Cabbage, Red Shred 4/5# | C58: 32.5 | D58: ='Master Item List'!M21 -> 22.390714 | E58: ='Master Item List'!T21 -> 29 | F58: ='Master Item List'!U21 -> 30.25 | G58: ='Master Item List'!V21 -> 31.25 | H58: =C58-D58 -> 10.109286 | I58: =H58/D58 -> 0.45149456
A59: 3271 | B59: C-Cantalope/Grape 50/2.7oz | C59: 35.25 | D59: ='Combo Pricing'!F11 -> 40.40719 | E59: ='Master Item List'!T22 -> 18.5 | F59: ='Master Item List'!U22 -> 19.25 | G59: ='Master Item List'!V22 -> 19.75 | H59: =C59-D59 -> -5.1571895 | I59: =H59/D59 -> -0.12763049
A60: 3272 | B60: C-Cantalope/Grape w/Tajin 50/2.7oz | C60: =C59+15 -> 50.25 | D60: =D59+'Raw Cost'!F3 -> 43.90719 | H60: =C60-D60 -> 6.3428105 | I60: =H60/D60 -> 0.1444595
A61: 3270 | B61: C-Cantalope/Honeyd w/Tajin 50/2.7oz | C61: =C67+15 -> 48.5 | D61: =D67+'Raw Cost'!F3 -> 26.739373 | H61: =C61-D61 -> 21.760627 | I61: =H61/D61 -> 0.81380471
A62: 3269 | B62: C-Cantalope/Pineap w/Tajin 50/2.7oz | C62: =C68+15 -> 48.25 | D62: =D68+'Raw Cost'!F3 -> 25.991811 | H62: =C62-D62 -> 22.258189 | I62: =H62/D62 -> 0.8563539
A63: 2815 | B63: C-Cantaloupe 50/2.7oz | C63: 31.25 | D63: ='Master Item List'!M205 -> 16.611667 | E63: ='Master Item List'!T205 -> 37.5 | F63: ='Master Item List'!U205 -> 38.5 | G63: ='Master Item List'!V205 -> 39.25 | H63: =C63-D63 -> 14.638333 | I63: =H63/D63 -> 0.88120799
A64: 3267 | B64: C-Cantaloupe w/Tajin 50/2.7oz | C64: =C63+15 -> 46.25 | D64: =D63+'Raw Cost'!F3 -> 20.111667 | H64: =C64-D64 -> 26.138333 | I64: =H64/D64 -> 1.2996602
A65: 978 | B65: C-Cantaloupe, Chunk 5# | C65: 23.75 | D65: ='Master Item List'!M23 -> 14.190556 | E65: ='Master Item List'!T23 -> 18.5 | F65: ='Master Item List'!U23 -> 19.25 | G65: ='Master Item List'!V23 -> 19.75 | H65: =C65-D65 -> 9.5594444 | I65: =H65/D65 -> 0.67364836
A66: 612 | B66: C-Cantaloupe, Peeled and Halved 5# | C66: 23.75 | D66: ='Master Item List'!M24 -> 21.206111 | E66: ='Master Item List'!T24 -> 27.5 | F66: ='Master Item List'!U24 -> 28.75 | G66: ='Master Item List'!V24 -> 29.75 | H66: =C66-D66 -> 2.5438889 | I66: =H66/D66 -> 0.11996018
A67: 2027 | B67: C-Cantaloupe/Honeydew 50/2.7oz | C67: 33.5 | D67: ='Combo Pricing'!F12 -> 23.239373 | E67: ='Combo Pricing'!L12 -> 32.5 | F67: ='Combo Pricing'!M12 -> 33.5 | G67: ='Combo Pricing'!N12 -> 34.75 | H67: =C67-D67 -> 10.260627 | I67: =H67/D67 -> 0.44151913
A68: 3268 | B68: C-Cantaloupe/Pineapple 50/2.7oz | C68: 33.25 | D68: ='Combo Pricing'!F13 -> 22.491811 | E68: ='Combo Pricing'!L13 -> 31.5 | F68: ='Combo Pricing'!M13 -> 32.5 | G68: ='Combo Pricing'!N13 -> 33.75 | H68: =C68-D68 -> 10.758189 | I68: =H68/D68 -> 0.47831581
A69: 3278 | B69: C-Carrot/Grape Tomato w/Ranch50/2oz | C69: =C96+15 -> 47.25 | D69: =D96+'Raw Cost'!F1 -> 27.603571 | H69: =C69-D69 -> 19.646429 | I69: =H69/D69 -> 0.71173502
A70: 3279 | B70: C-Carrot/GrapeTomato w/Tajin 50/2oz | C70: =C96+15 -> 47.25 | D70: =D96+'Raw Cost'!F3 -> 21.903571 | H70: =C70-D70 -> 25.346429 | I70: =H70/D70 -> 1.1571825
A71: 3284 | B71: C-Carrot/Sugar Snap 50/2oz | C71: 35.25 | D71: ='Master Item List'!M220 -> 21.975 | E71: ='Combo Pricing'!L18 -> #N/A | F71: ='Combo Pricing'!M18 -> #N/A | G71: ='Combo Pricing'!N18 -> #N/A | H71: =C71-D71 -> 13.275 | I71: =H71/D71 -> 0.60409556
A72: 3285 | B72: C-Carrot/Sugar Snap w/Ranch 50/2oz | C72: =C71+15 -> 50.25 | D72: =D71+'Raw Cost'!F1 -> 31.175 | H72: =C72-D72 -> 19.075 | I72: =H72/D72 -> 0.61186848
A73: 3286 | B73: C-Carrot/Sugar Snap w/Tajin 50/2oz | C73: =C71+15 -> 50.25 | D73: =D71+'Raw Cost'!F3 -> 25.475 | H73: =C73-D73 -> 24.775 | I73: =H73/D73 -> 0.97252208
A74: 4752 | B74: C-Carrots 50/4oz | C74: 38.5 | D74: ='Master Item List'!M189 -> 18.433333 | E74: ='Master Item List'!T189 -> 40 | F74: ='Master Item List'!U189 -> 41 | G74: ='Master Item List'!V189 -> 41.75 | H74: =C74-D74 -> 20.066667 | I74: =H74/D74 -> 1.0886076
A75: 3274 | B75: C-Carrots Coin Cut 50/2oz | C75: 27.5 | D75: ='Master Item List'!M225 -> 21.35 | E75: ='Master Item List'!T225 -> 43.75 | F75: ='Master Item List'!U225 -> 44.75 | G75: ='Master Item List'!V225 -> 46 | H75: =C75-D75 -> 6.15 | I75: =H75/D75 -> 0.28805621
A76: 3275 | B76: C-Carrots Coin Cut w/Ranch 50/2oz | C76: =C75+15 -> 42.5 | D76: =D75+'Raw Cost'!F1 -> 30.55 | H76: =C76-D76 -> 11.95 | I76: =H76/D76 -> 0.39116203
A77: 3276 | B77: C-Carrots Coin Cut w/Tajin 50/2oz | C77: =C75+15 -> 42.5 | D77: =D75+'Raw Cost'!F3 -> 24.85 | H77: =C77-D77 -> 17.65 | I77: =H77/D77 -> 0.71026157
A78: 2410 | B78: C-Carrots w/Ranch 50/2oz | C78: =C81+15 -> 45.5 | D78: =D81+'Raw Cost'!F1 -> 25.784375 | H78: =C78-D78 -> 19.715625 | I78: =H78/D78 -> 0.76463459
A79: 3280 | B79: C-Carrots w/Tajin 50/2oz | C79: =C81+15 -> 45.5 | D79: =D81+'Raw Cost'!F3 -> 20.084375 | H79: =C79-D79 -> 25.415625 | I79: =H79/D79 -> 1.2654427
A80: 1275 | B80: C-Carrots, Baby 100/2oz | C80: 38.5 | D80: ='Master Item List'!M189 -> 18.433333 | E80: ='Master Item List'!T189 -> 40 | F80: ='Master Item List'!U189 -> 41 | G80: ='Master Item List'!V189 -> 41.75 | H80: =C80-D80 -> 20.066667 | I80: =H80/D80 -> 1.0886076
A81: 86 | B81: C-Carrots, Baby 50/2oz | C81: 30.5 | D81: ='Master Item List'!M218 -> 16.584375 | E81: ='Master Item List'!T218 -> 37.5 | F81: ='Master Item List'!U218 -> 38.5 | G81: ='Master Item List'!V218 -> 39.25 | H81: =C81-D81 -> 13.915625 | I81: =H81/D81 -> 0.83908046
A82: 36 | B82: C-Carrots, Coin Cut 4/5# | C82: 35.75 | D82: ='Master Item List'!M31 -> 16.346429 | E82: ='Master Item List'!T222 -> 42 | F82: ='Master Item List'!U222 -> 43 | G82: ='Master Item List'!V222 -> 44 | H82: =C82-D82 -> 19.403571 | I82: =H82/D82 -> 1.1870221
A83: 479 | B83: C-Carrots, Diced 2/5# | C83: 24.75 | D83: ='Master Item List'!M32 -> 25.247857 | E83: ='Master Item List'!T32 -> 32.75 | F83: ='Master Item List'!U32 -> 34 | G83: ='Master Item List'!V32 -> 35.25 | H83: =C83-D83 -> -0.49785714 | I83: =H83/D83 -> -0.019718788
A84: 51 | B84: C-Carrots, Match Stick 4/5# | C84: 35.75 | D84: ='Master Item List'!#REF! -> #REF! | E84: ='Master Item List'!#REF! -> #REF! | F84: ='Master Item List'!#REF! -> #REF! | G84: ='Master Item List'!#REF! -> #REF! | H84: =C84-D84 -> #REF! | I84: =H84/D84 -> #REF!
A85: 1402 | B85: C-Carrots, Rainbow 50/2oz | C85: 31.75 | D85: ='Master Item List'!M222 -> 19.927586 | E85: ='Master Item List'!T222 -> 42 | F85: ='Master Item List'!U222 -> 43 | G85: ='Master Item List'!V222 -> 44 | H85: =C85-D85 -> 11.822414 | I85: =H85/D85 -> 0.59326873
A86: 2442 | B86: C-Carrots, Rainbow 50/2oz w/Tajin | C86: =C85+15 -> 46.75 | D86: =D85+'Raw Cost'!F3 -> 23.427586 | H86: =C86-D86 -> 23.322414 | I86: =H86/D86 -> 0.99551074
A87: 2432 | B87: C-Carrots, Rainbow w/Ranch 50/2oz | C87: =C85+15 -> 46.75 | D87: =D85+'Raw Cost'!F1 -> 29.127586 | H87: =C87-D87 -> 17.622414 | I87: =H87/D87 -> 0.6050077
A88: 37 | B88: C-Carrots, Sticks 4/5# | C88: 36.25 | D88: ='Master Item List'!M28 -> 25.247857 | E88: ='Master Item List'!T28 -> 32.75 | F88: ='Master Item List'!U28 -> 34 | G88: ='Master Item List'!V28 -> 35.25 | H88: =C88-D88 -> 11.002143 | I88: =H88/D88 -> 0.43576541
A89: 418 | B89: C-Carrots, Whole Peeled 4/5# | C89: 34.25 | D89: ='Master Item List'!M34 -> 35.93 | E89: ='Master Item List'!T34 -> 46.75 | F89: ='Master Item List'!U34 -> 48.5 | G89: ='Master Item List'!V34 -> 50.25 | H89: =C89-D89 -> -1.68 | I89: =H89/D89 -> -0.046757584
A90: 1406 | B90: C-Carrots/Broccoli 50/2oz | C90: 29.75 | D90: ='Master Item List'!M212 -> 16.584375 | E90: ='Combo Pricing'!L14 -> #N/A | F90: ='Combo Pricing'!M14 -> #N/A | G90: ='Combo Pricing'!N14 -> #N/A | H90: =C90-D90 -> 13.165625 | I90: =H90/D90 -> 0.79385717
A91: 2423 | B91: C-Carrots/Broccoli w/Ranch 50/2oz | C91: =C90+15 -> 44.75 | D91: =D90+'Raw Cost'!F1 -> 25.784375 | H91: =C91-D91 -> 18.965625 | I91: =H91/D91 -> 0.73554721
A92: 393 | B92: C-Carrots/Broccoli w/Tajin 50/2oz | C92: =C90+15 -> 44.75 | D92: =D90+'Raw Cost'!F3 -> 20.084375 | H92: =C92-D92 -> 24.665625 | I92: =H92/D92 -> 1.2281002
A93: 2047 | B93: C-Carrots/Celery 50/2oz | C93: 29.75 | D93: ='Master Item List'!M214 -> 19.544444 | E93: ='Combo Pricing'!L15 -> #N/A | F93: ='Combo Pricing'!M15 -> #N/A | G93: ='Combo Pricing'!N15 -> #N/A | H93: =C93-D93 -> 10.205556 | I93: =H93/D93 -> 0.52217169
A94: 2424 | B94: C-Carrots/Celery w/Ranch 50/2oz | C94: =C93+15 -> 44.75 | D94: =D93+'Raw Cost'!F1 -> 28.744444 | H94: =C94-D94 -> 16.005556 | I94: =H94/D94 -> 0.55682257
A95: 3273 | B95: C-Carrots/Celery w/Tajin 50/2oz | C95: =C93+15 -> 44.75 | D95: =D93+'Raw Cost'!F3 -> 23.044444 | H95: =C95-D95 -> 21.705556 | I95: =H95/D95 -> 0.94189971
A96: 3277 | B96: C-Carrots/Grape Tomato 50/2oz | C96: 32.25 | D96: ='Master Item List'!M216 -> 18.403571 | E96: ='Combo Pricing'!L16 -> #N/A | F96: ='Combo Pricing'!M16 -> #N/A | G96: ='Combo Pricing'!N16 -> #N/A | H96: =C96-D96 -> 13.846429 | I96: =H96/D96 -> 0.75237726
A97: 3294 | B97: C-Cauliflow/GrapeTom w/Tajin 50/2oz | C97: =C105+'Raw Cost'!F3 -> 40.75 | D97: =D105+'Raw Cost'!F3 -> 27.83652 | H97: =C97-D97 -> 12.91348 | I97: =H97/D97 -> 0.46390427
A98: 2037 | B98: C-Cauliflower 50/2oz | C98: 37.25 | D98: ='Master Item List'!M227 -> 24.1625 | E98: ='Master Item List'!T227 -> 47.5 | F98: ='Master Item List'!U227 -> 48.5 | G98: ='Master Item List'!V227 -> 49.75 | H98: =C98-D98 -> 13.0875 | I98: =H98/D98 -> 0.54164511
A99: 4754 | B99: C-Cauliflower 50/4oz | C99: 57.5 | D99: ='Master Item List'!M233 -> 20.209788 | E99: {='Master Item List'!T233:V233} -> 26.25 | F99: 27.25 | G99: 28.25 | H99: =C99-D99 -> 37.290212 | I99: =H99/D99 -> 1.845156
A100: 53 | B100: C-Cauliflower Florets 4/3# | C100: 46.75 | D100: ='Master Item List'!M35 -> 140.025 | E100: ='Master Item List'!T35 -> 182 | F100: ='Master Item List'!U35 -> 189 | G100: ='Master Item List'!V35 -> 196 | H100: =C100-D100 -> -93.275 | I100: =H100/D100 -> -0.66613105
...

Sheet Labor Cost
A1: LABOR HOUR
A2: 23.5 | C2: average (18.26 x 1.20 matching) = $21.91
E5: 16.25
E6: 17.25
E7: 18
E8: 18.53
E9: 16.25
E10: 16.25
E11: 16.25
E12: 24
E13: 30
E14: 17
E15: 23.5
E16: 18.5
... E23: 17.25
E24: =SUM(E5:E23) -> 347.03

Sheet FRUIT CUPS
A1: FRUIT CUPS 8/6OZ | E1: FRUIT CUPS 8/12OZ
A2: PRODUCT | B2: PRICE PER CASE | C2: PER CUP | E2: PRODUCT | F2: PRICE PER CASE | G2: PER CUP
A3: APPLE RED WEDGES | B3: ='Master Item List'!U384 -> 15 | C3: =MROUND((B3/8),0.05) -> 1.9 | E3: APPLE RED WEDGES | F3: ='Master Item List'!T366 -> 22.25 | G3: =F3/8 -> 2.78125
A4: APPLE GREEN WEDGES | B4: ='Master Item List'!U385 -> 14.25 | C4: =MROUND((B4/8),0.05) -> 1.8 | E4: APPLE GREEN WEDGES | F4: ='Master Item List'!T367 -> 20.25 | G4: =F4/8 -> 2.53125
A5: BLUEBERRIES | B5: ='Master Item List'!U386 -> 41.25 | C5: =MROUND((B5/8),0.05) -> 5.15 | E5: BLUEBERRIES | F5: ='Master Item List'!T368 -> 72.5 | G5: =F5/8 -> 9.0625
A6: CANTALOUPE CHUNKS | B6: ='Master Item List'!U387 -> 13.25 | C6: =MROUND((B6/8),0.05) -> 1.65 | E6: CANTALOUPE CHUNKS | F6: ='Master Item List'!T369 -> 18.75 | G6: =F6/8 -> 2.34375
A7: RED GRAPES LOOSE | B7: ='Master Item List'!U388 -> 17.25 | C7: =MROUND((B7/8),0.05) -> 2.15 | E7: RED GRAPES LOOSE | F7: ='Master Item List'!T370 -> 26 | G7: =F7/8 -> 3.25
A8: WHITE GRAPES LOOSE | B8: ='Master Item List'!U389 -> 19 | C8: =MROUND((B8/8),0.05) -> 2.4 | E8: WHITE GRAPES LOOSE | F8: ='Master Item List'!T371 -> 29.5 | G8: =F8/8 -> 3.6875
A9: HONEYDEW CHUNKS | B9: ='Master Item List'!U390 -> 15.75 | C9: =MROUND((B9/8),0.05) -> 1.95 | E9: HONEYDEW CHUNKS | F9: ='Master Item List'!T372 -> 23.5 | G9: =F9/8 -> 2.9375
A10: KIWI WEDGES | B10: ='Master Item List'!U391 -> 17.75 | C10: =MROUND((B10/8),0.05) -> 2.2 | E10: KIWI WEDGES | F10: ='Master Item List'!T373 -> 27.25 | G10: =F10/8 -> 3.40625
A11: MANGO CHUNKS | B11: ='Master Item List'!U392 -> 18.25 | C11: =MROUND((B11/8),0.05) -> 2.3 | E11: MANGO CHUNKS | F11: ='Master Item List'!T374 -> 28.25 | G11: =F11/8 -> 3.53125
A12: ORANGES WEDGES | B12: ='Master Item List'!U393 -> 12.75 | C12: =MROUND((B12/8),0.05) -> 1.6 | E12: ORANGES WEDGES | F12: ='Master Item List'!T375 -> 17.75 | G12: =F12/8 -> 2.21875
A13: PEAR WEDGES | B13: ='Master Item List'!U394 -> 14.25 | C13: =MROUND((B13/8),0.05) -> 1.8 | E13: PEAR WEDGES | F13: ='Master Item List'!T376 -> 20.5 | G13: =F13/8 -> 2.5625
A14: PINEAPPLE CHUNKS | B14: ='Master Item List'!U395 -> 17.5 | C14: =MROUND((B14/8),0.05) -> 2.2 | E14: PINEAPPLE CHUNKS | F14: ='Master Item List'!T377 -> 26.5 | G14: =F14/8 -> 3.3125
... A18: TROPICAL MIX | B18: ='Master Item List'!U399 -> 19.25 | C18: =MROUND((B18/8),0.05) -> 2.4 | E18: TROPICAL MIX | F18: ='Master Item List'!T381 -> 30.25 | G18: =F18/8 -> 3.78125
A20: WITH TAJIN | B20: ADD $2.00 | E20: WITH TAJIN | F20: ADD $2.00
A21: WITH RANCH | B21: ADD $2.50 | E21: WITH RANCH | F21: ADD $2.50
